ID,Frame,x,y,v_x,v_y
21,1010,0.222346892968773,-0.104983753467185,0.404335350599886,0.093004483737304
21,1020,0.386038821193968,-0.062132574244437,0.41821441270479,0.03621757441793
21,1030,0.556918423132605,-0.076009693932841,0.419632849659398,-0.095201292520715
21,1040,0.721745100921486,-0.138293608261009,0.388551050628299,-0.123323368251793
21,1050,0.867759263635244,-0.174668388534276,0.348887850775043,-0.002681266264124
22,1010,-0.484889307264782,-0.041665412548906,0.427422944990752,0.071465584645765
22,1020,-0.322208357716587,-0.033587085444407,0.415866224067408,-0.061149898503197
22,1030,-0.152196328010856,-0.090585331351464,0.439167290408169,-0.154839073563293
22,1040,0.029125474609948,-0.157458344295042,0.445331924851455,-0.089662932494413
22,1050,0.204069211870308,-0.162315677346994,0.407666151430855,0.070289680355748
22,1060,0.355258395754632,-0.101226600010443,0.349592654872597,0.150120104459365
22,1070,0.483743335768386,-0.042219593779502,0.320006785228923,0.066321692430514
22,1080,0.61126382393777,-0.048169246066032,0.34612346232466,-0.081307975805024
22,1090,0.760642105628114,-0.107265974423521,0.401396631260577,-0.12396588091478
22,1100,0.932381128946231,-0.147341950797856,0.437364033449383,-0.018963093266454
23,1010,-1.33413557751545,-0.052563355326421,0.573116941743628,-0.027596528186058
23,1020,-1.1156234843539,-0.09033411265642,0.529333791933417,-0.136100132080517
23,1030,-0.910668543968717,-0.161443460990834,0.503006188626216,-0.124787530554332
23,1040,-0.713218533452932,-0.190164137099885,0.485495857263681,0.026361917746597
23,1050,-0.522271858157772,-0.140353926793557,0.466675643630748,0.160654918225424
23,1060,-0.339878018548333,-0.061640202519546,0.445003077117984,0.13170065318281
23,1070,-0.166269396463385,-0.034993404247309,0.421293820858099,-0.03074390308042
23,1080,-0.002842961861854,-0.086235324983882,0.390412773861515,-0.15972921502603
23,1090,0.146060822625826,-0.162776776268133,0.359365345344218,-0.131882795602763
23,1100,0.284649314413521,-0.191741561466093,0.353716771222104,0.01173494771255
23,1110,0.429034239603509,-0.153388818098093,0.385867120033484,0.117518929918295
23,1120,0.593343010440308,-0.097726417531457,0.434346025307446,0.081495057708411
23,1130,0.776511059849466,-0.088192771931364,0.460622535843197,-0.037378067019161
23,1140,0.961841039114866,-0.127628871146786,0.441277570731935,-0.083904654295616
24,1020,-1.83473595088394,-0.187962157219499,0,0
24,1030,-1.48043011989167,-0.152010224909825,0.827042305804166,0.104271176658169
24,1040,-1.17310210624061,-0.104545215892964,0.652780279392512,0.062879618901352
24,1050,-0.958205896377661,-0.101706529788743,0.437361165390247,-0.067939785580731
24,1060,-0.823213173928411,-0.158897044357549,0.282711565860383,-0.137509295556497
24,1070,-0.732036643689354,-0.211713966233941,0.221028995887103,-0.031029154737267
24,1080,-0.646389977218729,-0.183720368147362,0.237853414251396,0.159078589768019
24,1090,-0.541753912288237,-0.084451094419526,0.281474442704796,0.214193347772215
24,1100,-0.421210423054892,-0.01236568992959,0.298442341066522,0.047648714630659
24,1110,-0.303000039435019,-0.046332122714999,0.28472307125347,-0.176684690757912
24,1120,-0.193431966052116,-0.15371344253592,0.282058570578582,-0.224465790841646
24,1130,-0.077353182972154,-0.225904755388316,0.326298544428947,-0.050920710498929
24,1140,0.067606869491042,-0.194450010935063,0.404747352014439,0.157783456825069
24,1150,0.246444698639397,-0.099677989928261,0.463990291129788,0.186850669490506
24,1160,0.438799102394872,-0.044969475342658,0.465271505465656,0.018363989297984
24,1170,0.618661903011922,-0.084986798489873,0.421146835235054,-0.154193727222111
24,1180,0.775716570582915,-0.168324457120347,0.374601913505659,-0.14160505453112
24,1190,0.91834343381645,-0.198270842114769,0.354204092178832,0.035840064864503
25,1060,-1.77974738269425,-0.18737000649952,0.545180470329254,-0.081440024193135
25,1070,-1.57250983326556,-0.182709728952715,0.489259460481918,0.099263412562276
25,1080,-1.38833981430872,-0.107959276449699,0.446879097916225,0.175792801208539
25,1090,-1.21500655493258,-0.042075487985883,0.423655947872099,0.063376485136516
25,1100,-1.04941505601104,-0.057258088340487,0.396779299315306,-0.109368351708411
25,1110,-0.897583115480333,-0.129570169352612,0.356592784420381,-0.128035261783611
25,1120,-0.764140828474735,-0.159686297767375,0.314016912543714,0.048036047633316
25,1130,-0.646369585445362,-0.09114133124596,0.281234206798575,0.221669283774941
25,1140,-0.539153463035875,0.017649129252577,0.263788281505473,0.184097997294651
25,1150,-0.435338960240984,0.056137066589761,0.270936784979274,-0.043003143354042
25,1160,-0.322404035052456,-0.016753385430656,0.310283426657049,-0.228660350904437
25,1170,-0.187112218915345,-0.126791214133789,0.371692037147632,-0.183681492473948
25,1180,-0.025050405334351,-0.163698579409815,0.422583844010787,0.032583176241495
25,1190,0.150954856293285,-0.100724673140592,0.428573597568821,0.179956780830225
25,1200,0.317808472720706,-0.019733154745635,0.391700410513319,0.105878947929317
25,1210,0.46431518470394,-0.016021514797139,0.347474809989103,-0.093673218195581
25,1220,0.595788320711988,-0.0946717293021,0.319444817356686,-0.193585706748505
25,1230,0.719871038589289,-0.170890080195942,0.308546901587833,-0.089162310043861
25,1240,0.842625841982255,-0.166001577337188,0.314953624080355,0.101633345161511
25,1250,0.971833937853573,-0.089583404066734,0.34264716373583,0.182108076170338
26,1090,-1.96575274594031,-0.090113581867948,0,0
26,1100,-1.77297758095778,-0.139949290588258,0.439267882973108,-0.025650023702547
26,1110,-1.61433843956182,-0.110633600829986,0.35122073650604,0.097788390080997
26,1120,-1.49200099175295,-0.06171857852346,0.283804432410172,0.032320121012573
26,1130,-1.38729489363368,-0.084777504019927,0.267561349769434,-0.133415968457926
26,1140,-1.2779519119374,-0.168451353289801,0.301132668054772,-0.150031427121281
26,1150,-1.14638875918987,-0.204802645716952,0.361110127527001,0.028106850039073
26,1160,-0.989063809915803,-0.145965873258543,0.408037566942711,0.163435325778903
26,1170,-0.819958705635698,-0.07405438509383,0.418722747329577,0.081265025909233
26,1180,-0.654085612052142,-0.080953852531156,0.411459284488633,-0.087370563008371
26,1190,-0.490791278044791,-0.143950835500526,0.412457264136986,-0.124845719054587
26,1200,-0.324119800742553,-0.180830427774825,0.415793713083717,-0.035827353324788
26,1210,-0.158156307577818,-0.172612718160356,0.405149102213899,0.034258608041788
26,1220,-5.18971434064973E-07,-0.153423541341395,0.386567237570884,0.050506540759497
26,1230,0.151097482478889,-0.132207485552759,0.371654470781879,0.057905379814144
26,1240,0.297323057654069,-0.107099237490079,0.356806076847041,0.035992084672013
26,1250,0.436542343956522,-0.103413817815149,0.342364876415496,-0.018396573827837
26,1260,0.571214958786466,-0.121816496552349,0.340635845796622,-0.008278813239239
26,1270,0.70905102059382,-0.11003686840654,0.347174411538603,0.087326867920912
26,1280,0.848954488017348,-0.051955002215619,0.342118040218257,0.126588885917929
26,1290,0.982745452768426,-0.008765759672196,0.333178921021509,0.043930696664252
27,1140,-1.87596639353055,-0.081144147522829,0.473735666788719,-0.132386900560644
27,1150,-1.69651989275567,-0.105995778479132,0.414638837280536,0.029193120114714
27,1160,-1.54425532370612,-0.057789651431058,0.376567573997073,0.137961298106615
27,1170,-1.39526583355802,0.00437326000616,0.384652918604786,0.0698485238933
27,1180,-1.23653298882229,-0.001910832316419,0.393548631485028,-0.110715327851711
27,1190,-1.08042692836999,-0.084199002275209,0.375298484769148,-0.197057671625132
27,1200,-0.936294201006976,-0.159556969616524,0.363537187046235,-0.08836227264859
27,1210,-0.789597178733005,-0.154888820394081,0.389206654054443,0.075451942326746
27,1220,-0.624928877763421,-0.099195415755127,0.424123237423105,0.087348925967068
27,1230,-0.450298588794521,-0.085009679620426,0.424200482892887,-0.05436909175525
27,1240,-0.285568491449112,-0.142690689159327,0.388526832565825,-0.138143119095366
27,1250,-0.139477122741861,-0.195524174896719,0.347723532621675,-0.021597891502724
27,1260,-0.007389665351772,-0.159969002361506,0.319267217481232,0.173290156149094
27,1270,0.115936651243124,-0.056892049977444,0.304300593619138,0.212434609115291
27,1280,0.236050809543539,0.009978684930727,0.312908890765012,0.044807281905567
27,1290,0.366263763855134,-0.021046224452991,0.353005345148127,-0.134195891266167
27,1300,0.51845508566204,-0.097378028082206,0.406975318865518,-0.122441738717867
27,1310,0.691844018947548,-0.118999615427284,0.448137689460326,0.047560719476028
27,1320,0.876965237230301,-0.059329452501383,0.464459653914586,0.159389735287475
28,1180,-1.90628858686722,-0.087405927067475,0.478697004202812,-0.173364410904206
28,1190,-1.7225971174509,-0.121051650852226,0.42347198372069,0.034286007042205
28,1200,-1.56751099989067,-0.059977121433711,0.367584574881965,0.191427020304091
28,1210,-1.42852945754532,0.032089965391046,0.343522223827913,0.148599923920102
28,1220,-1.29269322082834,0.058902817702371,0.346428874290555,-0.048637096300269
28,1230,-1.15138635811288,-0.006819711649169,0.369824807485995,-0.18854860806535
28,1240,-0.996833374839546,-0.09193606874991,0.405300383185499,-0.126667670916003
28,1250,-0.827146051564481,-0.108153848381972,0.427189854950145,0.046205876436652
28,1260,-0.65508149087943,-0.054971367600588,0.408532956106213,0.116670826689471
28,1270,-0.500319686679511,-0.014817187030395,0.350975110828017,-0.002038867102511
28,1280,-0.374301402217016,-0.056602461282597,0.2781277954294,-0.187038705404821
28,1290,-0.277817450335991,-0.164448151354252,0.218378910536439,-0.251055329804178
28,1300,-0.199598273787865,-0.257446725125939,0.20390611008421,-0.125403902289051
28,1310,-0.114692562268623,-0.264771273185492,0.25092447098761,0.088022571600233
28,1320,0.001141303002223,-0.187028667845753,0.336063942990098,0.209991227437209
28,1330,0.154158592123456,-0.096778291235725,0.415902037673803,0.149506897759078
28,1340,0.333862933141265,-0.067423149638491,0.462126106907063,0.000884179410119
28,1350,0.523859477649106,-0.09607094770763,0.46983584785049,-0.061582556539266
28,1360,0.709731611421657,-0.116689194869903,0.452259097665618,0.006769494222208
28,1370,0.885666755781601,-0.090655352329864,0.430466536014325,0.07902326164948
29,1210,-1.96950316635239,0.030449777928492,0.346343504287674,-0.042285670239642
29,1220,-1.82288063648916,-0.019247016855436,0.372825468545771,-0.163280257167336
29,1230,-1.67124279151578,-0.100174427805377,0.384415039481621,-0.146744027738896
29,1240,-1.51534860490387,-0.136642239046552,0.402370799144176,-0.003420381446342
29,1250,-1.34934615220044,-0.102910732962451,0.428548597078594,0.095085338216126
29,1260,-1.17250972724099,-0.060573968473652,0.440553296050543,0.021830598070383
29,1270,-0.996903515360003,-0.085446254506144,0.416361921078451,-0.138270003028846
29,1280,-0.83942019037823,-0.171189970896729,0.366045156338576,-0.176666613515363
29,1290,-0.704067390289142,-0.226779545318435,0.328905717621206,0.002088187451085
29,1300,-0.576295616281265,-0.169519420935861,0.324040981088168,0.263324566429613
29,1310,-0.444834605418608,-0.016119892174745,0.324395710034551,0.362503336891914
29,1320,-0.316779048253624,0.12048324857767,0.310149353370997,0.187956410854758
29,1330,-0.19671512272181,0.134245236509062,0.302248052328992,-0.116722056447821
29,1340,-0.07498060639043,0.027105603419414,0.313461367803999,-0.285583310252601
29,1350,0.054053971521389,-0.094221411693019,0.334788797027261,-0.191652919238239
29,1360,0.192850431231379,-0.126216731971177,0.367879976385675,0.025094814571634
29,1370,0.348357952629929,-0.074145560035712,0.406701792282682,0.117557775866273
29,1380,0.518211865057524,-0.032170511278159,0.426557058320455,0.019541072923024
29,1390,0.689603599286293,-0.058512701697293,0.418594950897557,-0.092303861976425
29,1400,0.85308782577557,-0.106013600859299,0.399182525926683,-0.047150206267817
30,1260,-1.85434720846281,-0.023293364740721,0.485855451769572,-0.063284499344665
30,1270,-1.64500160898882,-0.107329058060393,0.530861504446574,-0.226770979715296
30,1280,-1.42965800490555,-0.204710148512958,0.504055843293601,-0.098264488858632
30,1290,-1.24175693435394,-0.185940649147299,0.403245420590871,0.191614893250998
30,1300,-1.10706166843286,-0.051418233912159,0.27480657646719,0.310565446386055
30,1310,-1.02191167318019,0.062511707961545,0.192180715998828,0.106007806409517
30,1320,-0.953317095633794,0.033388011215455,0.194601328284397,-0.222194798201862
30,1330,-0.866230610552674,-0.115244130599945,0.256402922333602,-0.336751891985038
30,1340,-0.748194757766912,-0.236013502372575,0.324028305875307,-0.116890030228817
30,1350,-0.607007965852428,-0.208756154782998,0.368254799897014,0.210230839574646
30,1360,-0.453590917849301,-0.067828830712859,0.396661109547148,0.30201285247846
30,1370,-0.28967907821471,0.03285412719977,0.430135555883407,0.075716000628
30,1380,-0.109482473142575,-0.007256030210458,0.466908743736992,-0.191092350314025
30,1390,0.083847916774884,-0.12001975305145,0.474329110422199,-0.188282566993733
30,1400,0.269980815195184,-0.157882083805445,0.434298828284333,0.048043179742201
30,1410,0.43128697940235,-0.081585209257689,0.382233415531086,0.193956329063328
30,1420,0.575767547620053,-0.002717020554782,0.371905517619347,0.067699442146271
30,1430,0.728811393497828,-0.027425655540673,0.406042108037165,-0.140991989627262
30,1440,0.900601234049785,-0.115510612256592,0.429312749080574,-0.140032435448536
31,1290,-1.98478398291712,-0.089794886161878,0,0
31,1300,-1.83838128444206,-0.009383435653237,0.3539353124396,0.098668462959023
31,1310,-1.70163573296544,-0.010860115794659,0.330882494338635,-0.112981129253334
31,1320,-1.57367528897115,-0.099768339055904,0.310424862622102,-0.227824056092739
31,1330,-1.45329584286776,-0.19311936066885,0.288161043929926,-0.120328369684162
31,1340,-1.34314645382721,-0.196031034803234,0.263522786699418,0.114813194435443
31,1350,-1.24247761350823,-0.101268805120496,0.251555418070118,0.248495094076098
31,1360,-1.14190211937112,0.002765040457645,0.271857790964173,0.157832172640567
31,1370,-1.02499138073689,0.024996932991958,0.327868249577515,-0.045440268880212
31,1380,-0.879607519709103,-0.033587174646525,0.393722592817511,-0.136937161210176
31,1390,-0.710013306482878,-0.084552795976183,0.433975251209269,-0.026367879714044
31,1400,-0.532427318741688,-0.05468147841776,0.435999635833158,0.139099412406424
31,1410,-0.361213597816352,0.026726733948956,0.415115277507815,0.148204124442665
31,1420,-0.200335096735436,0.063881821136373,0.398310943459701,-0.015655967141172
31,1430,-0.04256484304859,0.014201960236019,0.400410962074789,-0.15309733464634
31,1440,0.119993672924395,-0.0585960465807,0.410951624498362,-0.100901944525507
31,1450,0.286196456550099,-0.066519595384387,0.412935244792982,0.060029721721774
31,1460,0.450341868758781,-0.010572269203281,0.405820432493833,0.109987359801542
31,1470,0.610852802545166,0.021470292456847,0.400270679281498,-0.021451902142018
31,1480,0.770558412183979,-0.027733790916895,0.396442707857029,-0.161161507179266
31,1490,0.92800696883079,-0.107458913286567,0.382486125553704,-0.120071665674041
32,1350,-1.95267592966566,-0.022233567527323,0.328416905996726,0.121474739534592
32,1360,-1.82098111494599,-0.01962422591243,0.305460364583766,-0.095413116935264
32,1370,-1.70830763799864,-0.098564061075534,0.258403621542212,-0.191701395884397
32,1380,-1.61425821771222,-0.172985342619948,0.235170076248982,-0.089876725859403
32,1390,-1.52017157699946,-0.170465441763056,0.26211674092147,0.082867821004369
32,1400,-1.40456482497504,-0.106691085816452,0.332021522836963,0.138409077004119
32,1410,-1.25455435872989,-0.059738180159761,0.419703423553848,0.044392003990475
32,1420,-1.06880208613196,-0.071177482624072,0.491676018064589,-0.042255098508427
32,1430,-0.861213544278217,-0.093542258966503,0.515357831457991,0.015520135322109
32,1440,-0.656515820965569,-0.058761374366385,0.482371931793249,0.13960252452284
32,1450,-0.475315998843617,0.01813976065177,0.420999902864218,0.132660163180822
32,1460,-0.319715898674194,0.047366756178273,0.376034540346695,-0.044488475699066
32,1470,-0.174488366566261,-0.017451019907483,0.366468930743426,-0.196438340176161
32,1480,-0.026540754079453,-0.109783915962656,0.373277196586128,-0.138910597701268
32,1490,0.124133390702642,-0.128579498068498,0.375883425547386,0.052991934531677
32,1500,0.274165986358456,-0.067390368337315,0.377917990898626,0.1334583470473
32,1510,0.426467783421542,-0.021812820430658,0.390330334502276,0.008757271470005
32,1520,0.586430253960277,-0.060384551161311,0.405263015312482,-0.141936126577556
32,1530,0.750678195671529,-0.135361721692702,0.403778700367314,-0.119320127383384
32,1540,0.909453214254128,-0.155840653068018,0.394368483596579,0.030261796664618
33,1410,-1.93098294788167,-0.177432319415199,0.402425615834284,0.168764180471048
33,1420,-1.77193711281057,-0.10067482010052,0.368432480336004,0.132082535884452
33,1430,-1.63623696361287,-0.071766290707638,0.332717819762151,-0.014652703345343
33,1440,-1.50576285700084,-0.112396982776794,0.358338024730266,-0.109179308406584
33,1450,-1.34956654382866,-0.159109737432905,0.433729585205668,-0.040516265346426
33,1460,-1.15877918883631,-0.144809995053935,0.496817963975537,0.081390802658339
33,1470,-0.952112172648226,-0.093997095306235,0.502929594447546,0.070005868505278
33,1480,-0.756435513278273,-0.088805300249713,0.456547933575468,-0.069257706055071
33,1490,-0.586873825787851,-0.149403260150291,0.391724989190161,-0.135242010939652
33,1500,-0.443055521926144,-0.196998909001435,0.340313743415824,-0.004504011237335
33,1510,-0.314622831055192,-0.153006469140159,0.317346703738586,0.191384310486478
33,1520,-0.189178158935275,-0.043891460612252,0.32430491675453,0.225629421264665
33,1530,-0.055178897651569,0.027497067871573,0.361661329921394,0.067470555966197
33,1540,0.10015090500184,0.010084984160705,0.422808475149682,-0.079582970542511
33,1550,0.283067882468177,-0.036169308562435,0.477340981806663,-0.047093184970551
33,1560,0.482023690447171,-0.027589563815736,0.487956064257384,0.08150006898387
33,1570,0.673432733874084,0.029030746624661,0.455793370332172,0.100662676247144
33,1580,0.846658386712909,0.05294057718198,0.435572292664081,-0.027521541664974
34,1450,-1.94191199002714,-0.116832590454677,0.420069321377076,0.086260145396875
34,1460,-1.76119830845535,-0.074734114342247,0.466911581833312,0.087259460456695
34,1470,-1.56838272456049,-0.047025022089321,0.49160640162278,0.039542219939114
34,1480,-1.36791318715712,-0.043100338390956,0.499751461823037,0.018135333546398
34,1490,-1.16858155510206,-0.032516755252203,0.473768676915688,0.060446833888375
34,1500,-0.988898245624572,0.005257128719744,0.407117555745367,0.084852923207133
34,1510,-0.842887510505763,0.035365583313504,0.327270501813252,0.005289608273489
34,1520,-0.727081844173971,0.009488815338535,0.272377515481864,-0.11907868353095
34,1530,-0.624985498120272,-0.059897363511256,0.263943740616123,-0.140787541469901
34,1540,-0.515926851681073,-0.103141217837386,0.306740284292445,-0.018086767604797
34,1550,-0.379593270686316,-0.074366777595094,0.386587456847309,0.120401712268847
34,1560,-0.206656886203225,-0.006819848022308,0.465247897600718,0.127001246381574
34,1570,-0.007394952605742,0.027234219510165,0.505778796454466,0.016774514248704
34,1580,0.197966150960347,0.006599763376654,0.503796534874049,-0.055990557011715
34,1590,0.395642275293498,-0.017558226099207,0.483023832125832,-0.007829445774069
34,1600,0.584385216661013,0.000336206757399,0.467120240580833,0.068756228520746
34,1610,0.769338467758164,0.03744675671739,0.467260199843214,0.053966768002891
34,1620,0.958193376535584,0.043509621159712,0.492377298407943,-0.025911468610448
35,1500,-1.95159309690416,-0.162058412386533,0,0
35,1510,-1.73503272038244,-0.139102468335907,0.51782813068226,0.010427141471459
35,1520,-1.53733059235835,-0.153716699209366,0.452137113058996,-0.043170062848417
35,1530,-1.37332302993524,-0.17363851861464,0.371351959590903,-0.005265896524272
35,1540,-1.24024902468562,-0.157929416428784,0.316983229172574,0.075291019152901
35,1550,-1.11973644659718,-0.113405703292319,0.317222728134202,0.083721319472226
35,1560,-0.986470842178263,-0.090952360851004,0.36945236665455,-0.001277348385171
35,1570,-0.824174553273542,-0.114427582000455,0.438053617576542,-0.065162339538388
35,1580,-0.636027948117029,-0.143082232481714,0.485480342510188,-0.018884541495066
35,1590,-0.435790279265392,-0.129535215196508,0.50423940078917,0.066500083821128
35,1600,-0.232636427485693,-0.089882165424811,0.508997817284379,0.064480812886625
35,1610,-0.028592025437889,-0.077950564887208,0.507203991845655,-0.018990002623362
35,1620,0.173126765990832,-0.105074167523501,0.493492203344893,-0.061265926031325
35,1630,0.366201737238026,-0.126963305712268,0.471204718545248,-0.005195018033758
35,1640,0.55009054082703,-0.109230181950508,0.457660819430101,0.067471072714093
35,1650,0.732330392782107,-0.072986447540994,0.469289847179269,0.061802063365941
35,1660,0.925522418570445,-0.059788531257755,0.511746357632292,0.000322093300511
36,1540,-1.99302045636102,-0.073405592007411,0,0
36,1550,-1.79129496909083,-0.077427737618539,0.48754711414485,-0.002678673056239
36,1560,-1.60298276504514,-0.075548530452402,0.438778599748808,-0.002889304069341
36,1570,-1.44027208929178,-0.079739180874011,0.38932135140056,-0.005922304481432
36,1580,-1.29152568392469,-0.080286374037547,0.377608402220599,0.021932681100124
36,1590,-1.1381853675153,-0.062193035993912,0.404992782709999,0.049157556017688
36,1600,-0.967531457756694,-0.040960329223397,0.451748302692852,0.016444157070082
36,1610,-0.77678672536102,-0.049037710337846,0.496085957493928,-0.054777532697718
36,1620,-0.570662691761551,-0.084782355381572,0.522933781463457,-0.073593766181953
36,1630,-0.358439700190255,-0.107912723283409,0.524197264661192,-0.013927822547438
36,1640,-0.151304880032597,-0.095924613419522,0.501449951596014,0.041076788473318
36,1650,0.042720261086556,-0.075051292504754,0.469124521072653,0.021646348946392
36,1660,0.223994736825525,-0.078607534262408,0.446369944651289,-0.027361899383799
36,1670,0.399816216807588,-0.096940812011793,0.442456745828121,-0.020819660872481
36,1680,0.577960133488022,-0.095263262960393,0.45414151643064,0.032878214962476
36,1690,0.7631294299521,-0.070638240041813,0.478509387076006,0.046339602073101
36,1700,0.960767643148827,-0.058191581301912,0.521197754820475,-0.008885779874397
37,1590,-1.91339580444099,-0.030809393346804,0.376736116994587,0.066585576945429
37,1600,-1.75936321677349,-0.041029771768753,0.394680059321886,-0.076806744259446
37,1610,-1.59765175698348,-0.092254788754362,0.425145927646045,-0.089926386740838
37,1620,-1.41924647465665,-0.112970881161423,0.468025592453525,0.014685763745669
37,1630,-1.22323128302066,-0.080506177757827,0.497262167406323,0.084317384135757
37,1640,-1.0214367407316,-0.045516973852817,0.495307081380931,0.031150496751835
37,1650,-0.826985617915912,-0.055585780356359,0.475362473882465,-0.052889166324325
37,1660,-0.641146761625623,-0.087828306912277,0.469387861997904,-0.042235514729732
37,1670,-0.451475328317589,-0.089374192140145,0.494742970712533,0.034338422903294
37,1680,-0.245352385055597,-0.060357568589642,0.529093668703969,0.050114297940754
37,1690,-0.028200393354414,-0.049282753787541,0.53099142671497,-0.013749634912004
37,1700,0.179440756316379,-0.071357276519244,0.487410306980582,-0.044303635097549
37,1710,0.361727852230051,-0.084725661865581,0.425626241484851,0.01000388061774
37,1720,0.51994174950426,-0.063354172025053,0.385623144183851,0.050891526899219
37,1730,0.670226367577132,-0.044012440346206,0.39755981347754,-0.004723349106632
37,1740,0.837989600286291,-0.067132851310358,0.47396352878679,-0.082729060866326
38,1650,-1.88307682012146,-0.105025368458556,0,0
38,1660,-1.65111275749357,-0.134513918290198,0.542498884052656,-0.028441165458104
38,1670,-1.44907771287933,-0.12777830082504,0.478578243482124,0.028861363274757
38,1680,-1.26825016270787,-0.111424827670392,0.444601072686478,0.014997503592986
38,1690,-1.09339685473015,-0.115780297950651,0.439098693567397,-0.029188748022137
38,1700,-0.916971207853952,-0.134775826088102,0.449480389871027,-0.025798236672187
38,1710,-0.733812542833326,-0.136418887288401,0.473271857845168,0.026657137264104
38,1720,-0.538353721577817,-0.113450116276819,0.505710398472115,0.048963861664548
38,1730,-0.329244224055635,-0.097247797956763,0.532304075038749,0.00471856751253
38,1740,-0.112510461546818,-0.109675262266795,0.536732340814827,-0.039483160897693
38,1750,0.100141648596227,-0.128834326674917,0.51706213965999,-0.018230837058559
38,1760,0.301139250181174,-0.124259931913642,0.495935695419332,0.031717602788506
38,1770,0.496890204931693,-0.103460244444112,0.505312736607144,0.035497206684014
38,1780,0.705389439466889,-0.09586216656643,0.557274502472856,-0.000995601534861
38,1790,0.942709806909978,-0.104256725672001,0.626710288875529,-0.01006521224674
39,1680,-1.81607204969699,-0.104051269644902,0.49476619305755,-0.07380279469751
39,1690,-1.62052640665295,-0.13047462744948,0.467990462613165,-0.001360576368715
39,1700,-1.44167967960646,-0.105139730739874,0.432104256579691,0.111347926666014
39,1710,-1.2748430013892,-0.041396286116669,0.418376574744363,0.119616304769215
39,1720,-1.10697841981097,-0.009446686924502,0.440006248009909,-0.002510358969865
39,1730,-0.922838002981273,-0.04340457329256,0.485346072501171,-0.099647339941963
39,1740,-0.718701561810033,-0.089164558878073,0.518788789818614,-0.044389266719443
39,1750,-0.507806971126381,-0.078915986668115,0.517473483300827,0.077535821898312
39,1760,-0.304722775169372,-0.027135901359423,0.495025456693117,0.094433997724795
39,1770,-0.111786605771888,-0.003368788488279,0.480594313375126,0.000685072895059
39,1780,0.079752675530729,-0.026587843043376,0.487470650134155,-0.051927176461442
39,1790,0.278189914335436,-0.044910529657433,0.504149514206719,0.001785351267912
39,1800,0.483072286896104,-0.025159562029046,0.511011329407741,0.05011282820167
39,1810,0.686998977861629,-0.004820267096097,0.502511267790207,0.00269404847709
39,1820,0.88508130112827,-0.023004323247373,0.491687805804164,-0.057012374598192
40,1720,-1.90643038444248,-0.135132560057607,0,0
40,1730,-1.69738499576672,-0.192374574944006,0.493649209719851,-0.0844747259984
40,1740,-1.5115110166666,-0.202712340856326,0.441590868621266,0.043493620836983
40,1750,-1.3441123008697,-0.15757967827442,0.428582903931425,0.117437307503017
40,1760,-1.16864469352146,-0.108762494853913,0.472133185356393,0.062079338466029
40,1770,-0.96640575258459,-0.107916207501597,0.529955651734505,-0.036397771550308
40,1780,-0.744680172133859,-0.137880712094159,0.555341253103714,-0.041148774932018
40,1790,-0.522132750101619,-0.140835227447211,0.552244433586328,0.037196202604453
40,1800,-0.302884625264797,-0.108123750010597,0.556722689709879,0.059078182675595
40,1810,-0.076754598333716,-0.093572681306736,0.579269222617942,-0.023710061437808
40,1820,0.160530752829557,-0.127091799160843,0.592931174279115,-0.086479054608014
40,1830,0.397590341089576,-0.162755924993146,0.573335552905786,-0.022543454274856
40,1840,0.619199195154186,-0.145126562580728,0.529628071366573,0.086799592944524
40,1850,0.821292798182835,-0.093316250637527,0.495010706245546,0.091504689385398
41,1770,-1.83474449726469,-0.154185632682296,0.476639231054674,-0.121369871694615
41,1780,-1.64081297790028,-0.188353089518178,0.472819279085675,-0.008443583810001
41,1790,-1.45648907399615,-0.160940499730297,0.450755726824956,0.102889827106724
41,1800,-1.28020839644032,-0.106041227832799,0.451057805444092,0.088090318877359
41,1810,-1.09564282964088,-0.09046824462841,0.487621467804433,-0.02266088224552
41,1820,-0.890111222196771,-0.124169933629216,0.531505423598407,-0.071843530398789
41,1830,-0.670438490762151,-0.14794306894744,0.546338028884628,0.001386224390978
41,1840,-0.453040799089069,-0.123060954116433,0.531452730547293,0.072101771035287
41,1850,-0.245276306324316,-0.090261652119211,0.514451829891767,0.01798469440308
41,1860,-0.041479335175655,-0.108673198593969,0.513377612508224,-0.094183770813338
41,1870,0.165425783682263,-0.165608668769882,0.517575082661264,-0.107776546745715
41,1880,0.372580730953356,-0.194894435990542,0.508410529939918,-0.01106214977939
41,1890,0.572154207634197,-0.174458388593394,0.48693569069662,0.052015716996089
41,1900,0.762129283510652,-0.153281862393671,0.468045014087727,0.0018390463123
41,1910,0.946590218904379,-0.172987151543554,0.459864156395397,-0.06789589513058
42,1810,-1.90631553153809,-0.082720690786694,0.396406523903885,0.006031706781553
42,1820,-1.74054506477665,-0.061078074962146,0.43624593176298,0.040740501123234
42,1830,-1.55731878612771,-0.050128289888107,0.488182308501809,-0.006704496121248
42,1840,-1.3499992179752,-0.066441671859145,0.538098158221534,-0.030253622456204
42,1850,-1.12684025955048,-0.07433118785307,0.556034660395621,0.010141794324378
42,1860,-0.905171489658707,-0.058328236399643,0.540108575689856,0.029705523599419
42,1870,-0.694753398998598,-0.050566768973535,0.519567558617217,-0.010704290576878
42,1880,-0.489517442764934,-0.066891668861145,0.522387424934978,-0.03940128130022
42,1890,-0.276843459050616,-0.08208779401371,0.544397638155055,-0.025539351408139
42,1900,-0.05399933224089,-0.087323149987657,0.552477331996155,-0.027198727950198
42,1910,0.165138406546308,-0.103846776373868,0.519328007802693,-0.046067055791304
42,1920,0.361463074001265,-0.124176794620699,0.452785627348162,-0.010589000999633
42,1930,0.527366908424838,-0.112317977173574,0.389601969024005,0.06042967123636
42,1940,0.673144649220469,-0.075833057631611,0.367190340430073,0.060899359370069
42,1950,0.821119180768897,-0.063598489677519,0.397933084205853,-0.00462628864065
42,1960,0.991491116585152,-0.079534088544131,0.463674698485144,-0.009484863661335
43,1860,-1.99500744459913,-0.098547164488743,0,0
43,1870,-1.7735073863309,-0.130329711984146,0.54075086493236,-0.002389028791607
43,1880,-1.56240675265325,-0.100458387522029,0.505644039363208,0.089510810754253
43,1890,-1.36899215484033,-0.058721063380744,0.487906854988687,0.0521523341496
43,1900,-1.1720812686623,-0.058736520202349,0.522019234373915,-0.038252060122622
43,1910,-0.951376767341201,-0.089322711478842,0.577876320155342,-0.055567921319303
43,1920,-0.709780212538023,-0.103190857257792,0.60521030972963,-0.007355940254875
43,1930,-0.467208519557497,-0.095207463682742,0.585406493024314,0.000114352915968
43,1940,-0.241455018118571,-0.103099374925018,0.535905188171495,-0.048242619693314
43,1950,-0.038484369020301,-0.133801559437393,0.484156702078933,-0.050940715211142
43,1960,0.145870343544575,-0.143851947093931,0.450207583672477,0.030880535638501
43,1970,0.32168169791768,-0.109097130926592,0.443646707751368,0.094515007769301
43,1980,0.500787709745669,-0.068239940878491,0.463138579646757,0.049492779987067
43,1990,0.692192561635086,-0.069502906936939,0.487483894431771,-0.040542936484961
43,2000,0.890774825291086,-0.10067429006646,0.478370986543285,-0.044188928343361
44,1910,-1.81447689498549,-0.081386347420195,0.537072367632839,-0.052637624905313
44,1920,-1.59549628136048,-0.120399601139175,0.541751125809894,-0.065388648535232
44,1930,-1.38107599433757,-0.133697266248381,0.530453917505128,0.029490618081542
44,1940,-1.17113314735637,-0.096807106673942,0.523136522099509,0.089623046052428
44,1950,-0.962566776657965,-0.061998829406438,0.519559412755423,0.0263279926621
44,1960,-0.755485617152036,-0.075744712544262,0.509783030303349,-0.053219253584585
44,1970,-0.554740352415286,-0.104574232274106,0.490425794577848,-0.020952721898279
44,1980,-0.363144981489757,-0.092506890062886,0.470293785205107,0.063130875696195
44,1990,-0.178505324251201,-0.05406953171715,0.453735703038855,0.054031485545629
44,2000,-0.000156419058673,-0.049281701626383,0.434726230413851,-0.035516647022347
44,2010,0.16927566007988,-0.082482849335028,0.411725680493713,-0.055605294987972
44,2020,0.329224125336298,-0.09376593761676,0.39693418599238,0.029765387418253
44,2030,0.486823008873783,-0.058670539400425,0.404124622213629,0.081811486332991
44,2040,0.652523823107201,-0.028316748550367,0.431976862647558,0.018072530941002
44,2050,0.83240449899183,-0.044212514647624,0.470326304077522,-0.055850566147573
45,1940,-1.9856816773754,-0.156508425437903,0,0
45,1950,-1.78237389275373,-0.195739077206254,0.488480748533355,0.029099866311518
45,1960,-1.59489707854872,-0.133228532388689,0.453409956584913,0.154511758800312
45,1970,-1.4196459274858,-0.072129670166005,0.443174169341105,0.045204786159415
45,1980,-1.24035774307583,-0.097064703461157,0.462651143398922,-0.114399595421229
45,1990,-1.04952501276667,-0.163649346502988,0.48196778350939,-0.085033761580698
45,2000,-0.854783516268322,-0.165091712725715,0.477167720992601,0.097762116971987
45,2010,-0.667790835972584,-0.085439652925399,0.455680996021157,0.178634223036626
45,2020,-0.490238719451397,-0.022184334296415,0.446468173408869,0.046727400316208
45,2030,-0.310616297245489,-0.048057732672432,0.465061769925836,-0.110663202573865
45,2040,-0.118189303510728,-0.110714896355507,0.490994121797568,-0.078075753306623
45,2050,0.082179000192565,-0.110518335317731,0.4932363483659,0.083304100746684
45,2060,0.276399775181992,-0.04407161575816,0.471637974492298,0.129596061162916
45,2070,0.459489379786404,-0.006841486387398,0.457657089297265,-0.007961890236223
45,2080,0.642525446619805,-0.050441127947139,0.475828659980103,-0.124553075812823
45,2090,0.840152307770486,-0.106483947037657,0.521026837216449,-0.051014770868214
46,1980,-1.86025907521408,0.003930462927845,0.50205780879391,-0.036932950510608
46,1990,-1.6515582319193,-0.062983735980447,0.520057119557165,-0.194441919427883
46,2000,-1.44421337956835,-0.151623072614461,0.503118806241688,-0.111232437760282
46,2010,-1.24906318692595,-0.151969686188673,0.468169091518939,0.103314363969931
46,2020,-1.0696781063532,-0.068971581438516,0.439152187076493,0.171670357372462
46,2030,-0.897741437264757,-0.014633400290703,0.44241236304095,0.024375585176072
46,2040,-0.71574821592044,-0.049471113297659,0.47960077847435,-0.105193580340518
46,2050,-0.514060814485278,-0.098788264563117,0.519344366688927,-0.026485158280405
46,2060,-0.300272722569299,-0.070659239921983,0.529762355106077,0.125626772638612
46,2070,-0.090250930400416,0.001713153547772,0.507722349826653,0.105886860455391
46,2080,0.105905157292024,0.01405024844233,0.474068496355598,-0.058639487887323
46,2090,0.289003866684063,-0.045198436762086,0.449617717586683,-0.115997492212093
46,2100,0.46559933136137,-0.078747745327345,0.442163882398048,0.016117784157888
46,2110,0.642734972602501,-0.032304209435776,0.450570191869304,0.134627122270778
46,2120,0.826055484856814,0.028953952489278,0.474123579549042,0.080756979211788
47,2010,-1.98120187217236,-0.071487719151075,0,0
47,2020,-1.75456743589329,-0.040402070295717,0.526635662649437,-0.003390234755755
47,2030,-1.55989334205281,-0.074199906955679,0.446527556497888,-0.101345581472721
47,2040,-1.39734539069498,-0.121478535473894,0.40189248563403,-0.058390180966428
47,2050,-1.23837935354558,-0.120912051728821,0.417863252097127,0.051311702117877
47,2060,-1.06305478901728,-0.080429173779593,0.455014129459454,0.079708922427676
47,2070,-0.874368049978019,-0.05714491378668,0.472852497850577,0.01674546754613
47,2080,-0.684772790736819,-0.067032799742689,0.46856122077212,-0.010824979368929
47,2090,-0.499519073360323,-0.065804897281823,0.462263075251462,0.047296289964829
47,2100,-0.314962330535649,-0.029195767770826,0.463653660926593,0.084940365608022
47,2110,-0.128596144619049,0.002147395204594,0.464873308859545,0.022265155721628
47,2120,0.056936316551987,-0.011383643193523,0.460457960921278,-0.055267518523081
47,2130,0.239770224117974,-0.042066619613871,0.459042300295345,-0.034948833619205
47,2140,0.424170156788263,-0.039342710088887,0.472288579393448,0.038314028322986
47,2150,0.617601087632732,-0.011415396955482,0.498835737615129,0.040774406460863
47,2160,0.823238746880367,-0.006723184920197,0.524172104831764,-0.021870398223718
48,2040,-1.9374005797799,-0.073721713342034,0,0
48,2050,-1.70617593442977,-0.114857815533295,0.524373350021726,-0.023445140354087
48,2060,-1.51790189976252,-0.092477825625304,0.418407723346071,0.087988132863742
48,2070,-1.37144975575291,-0.044467309242301,0.355951030726133,0.059926434872771
48,2080,-1.23314107518162,-0.044536677727087,0.371387753878353,-0.065959858058122
48,2090,-1.07433955265023,-0.097235195688799,0.412867321004034,-0.104270416333513
48,2100,-0.90284721837839,-0.127953010793898,0.415200399045214,0.000969546363621
48,2110,-0.742179233414058,-0.096459558597902,0.389028085766201,0.089067209869388
48,2120,-0.591624749765429,-0.056699242898387,0.391587595674293,0.036331084757919
48,2130,-0.428909156874624,-0.067394690791567,0.437140725390286,-0.056137283270317
48,2140,-0.2419121694532,-0.10160906951464,0.487553210312389,-0.043546319402152
48,2150,-0.038866588624713,-0.102231746313288,0.512449490120385,0.027836045436502
48,2160,0.168047422643108,-0.079340233165439,0.518296820955441,0.026688835437803
48,2170,0.375770868139639,-0.080880677963046,0.525342465950153,-0.026320968786598
48,2180,0.588321395403231,-0.100397008194717,0.54017449731932,-0.016296225300974
48,2190,0.807910465995095,-0.093917658203826,0.549945395859593,0.040932735965894
49,2100,-1.87302070312459,-0.115575920911258,0.450050775337368,-0.091935920872745
49,2110,-1.6961317156032,-0.117984919220109,0.426479573923183,0.060696179230947
49,2120,-1.53183704398604,-0.067018977526501,0.409832001397536,0.10372207959733
49,2130,-1.36826611448517,-0.035007255542245,0.423954815384722,-4.05463305268999E-05
49,2140,-1.19267319167827,-0.067051414590922,0.459234859506279,-0.109813067874906
49,2150,-1.00087822688014,-0.12285770984217,0.497173118065265,-0.079962856803277
49,2160,-0.794934697226055,-0.131021700033544,0.526903497022895,0.047295433902291
49,2170,-0.579355429261828,-0.085021362720337,0.542360958736329,0.10322514011272
49,2180,-0.361045930236992,-0.048441587943368,0.539662996730277,0.024543862219985
49,2190,-0.147625031877606,-0.065386272944349,0.521559285706282,-0.070837713812578
49,2200,0.056201498328033,-0.10511175899343,0.501478419806935,-0.063383479204698
49,2210,0.253557703967942,-0.116093056308107,0.494844664862022,0.00289687848095
49,2220,0.452077230217651,-0.10279425620867,0.499824677826197,0.007142624711243
49,2230,0.653417446228899,-0.110378956539113,0.498413576637035,-0.053781799377643
49,2240,0.850808091527279,-0.145819695710784,0.480550810355441,-0.062827253823446
50,2130,-1.98382884646444,-0.07282072495508,0,0
50,2140,-1.84647941684068,-0.093985410937645,0.348625515627003,-0.095903555918539
50,2150,-1.70492843396284,-0.149543569689911,0.369096972355651,-0.106959240138555
50,2160,-1.55120183895616,-0.179552803048488,0.404000817982728,-0.029465817441975
50,2170,-1.38172777957665,-0.173116223643491,0.431664998260341,0.011801185768306
50,2180,-1.20586984034788,-0.170111854433843,0.432958905136963,-0.008186923706803
50,2190,-1.03536065546708,-0.179665762608934,0.414140989499853,0.015205406438166
50,2200,-0.874557048748,-0.157947529283311,0.39887388932517,0.112932570873776
50,2210,-0.716261544006948,-0.089319705909913,0.414286364976552,0.160813651508321
50,2220,-0.543127956766759,-0.029296608076654,0.467940573252486,0.075231755687144
50,2230,-0.341909085404959,-0.029134301360198,0.530290366195397,-0.038216516540927
50,2240,-0.118895663810442,-0.059869821309395,0.559918833159219,-0.035397294259769
50,2250,0.106025981122416,-0.057452136768013,0.547017752061398,0.04889426238349
50,2260,0.318718537838677,-0.020754411402603,0.514642565492401,0.06250224793954
50,2270,0.517740033516337,-0.007450338416381,0.486067131034316,-0.021450814577704
50,2280,0.70757224266613,-0.037915063064766,0.469801936693206,-0.07115671534718
50,2290,0.893581582870901,-0.064375710694125,0.471281487285273,-0.01537080911658
51,2190,-1.99427243523274,-0.091317541568958,0,0
51,2200,-1.84653372699887,-0.096934974363934,0.359121963744409,0.027513548341758
51,2210,-1.70697486423721,-0.069306702895552,0.362353907180689,0.060407461641683
51,2220,-1.55665060125432,-0.048609005050588,0.412184968791333,0.013699929992019
51,2230,-1.37722688920415,-0.058346758901936,0.477340532962349,-0.036365708877701
51,2240,-1.17477817488444,-0.077701572152749,0.511635951216571,-0.027560407942368
51,2250,-0.967918128230889,-0.080395085255831,0.512469984612671,0.002768628294844
51,2260,-0.764802187194307,-0.075486669516874,0.506547444854502,-0.003468739368397
51,2270,-0.562680172347288,-0.083170076750548,0.502818248688998,-0.02174571204434
51,2280,-0.362547588243108,-0.092883239152346,0.490123676500998,0.003944147755756
51,2290,-0.170581231146489,-0.080014758545943,0.469905470581662,0.049750022201034
51,2300,0.013376788222222,-0.053083221391518,0.460722903349967,0.041491153126046
51,2310,0.197997091533484,-0.046821836045107,0.471226468303088,-0.019514250552673
51,2320,0.390357962864692,-0.068694621833657,0.486463529460703,-0.049757913071812
51,2330,0.587167915102046,-0.086628166502556,0.48914529300285,-0.011839564228657
51,2340,0.781674197266972,-0.078166273216583,0.486091958746626,0.02860624888107
51,2350,0.976041482099347,-0.063743167397701,0.500396789567719,0.007450021150712
52,2240,-1.9224525535718,-0.143817800566698,0.412714109873459,-0.074685346563761
52,2250,-1.75826391419201,-0.137543568089937,0.406642016090995,0.062623405888519
52,2260,-1.597138940699,-0.093719075855883,0.417738411251186,0.069778260268222
52,2270,-1.42407318519107,-0.081720959875359,0.456070212985367,-0.022072754522047
52,2280,-1.23228277031071,-0.111377279473521,0.496700274356164,-0.054402000381127
52,2290,-1.02671296570613,-0.125242560180261,0.521228151242244,0.024197125129862
52,2300,-0.815300249316915,-0.092019579369631,0.526462737957676,0.08876189076587
52,2310,-0.605542775339993,-0.054233047567565,0.517317583663359,0.047948905955588
52,2320,-0.401446182386228,-0.053660454605161,0.506436668181913,-0.012840751310251
52,2330,-0.200393440794463,-0.064505648615766,0.50415247682678,0.00642321219898
52,2340,0.001875799075197,-0.048521884845977,0.505427736038267,0.044648631583823
52,2350,0.203948748036151,-0.028786743348708,0.499885840212673,1.43848901009835E-05
52,2360,0.401784471245335,-0.048510376933896,0.490422714268151,-0.074114007888051
52,2370,0.596286919450672,-0.088077949659148,0.488549016648386,-0.050997128575293
52,2380,0.792623684564044,-0.08930807979413,0.49882986918915,0.046446828605547
52,2390,0.995350814801992,-0.050920486774711,0.518245982153812,0.071826556758885
53,2290,-1.86845586826844,-0.062039665050291,0.464280675882456,-0.043069712549316
53,2300,-1.67888784653261,-0.052608470009873,0.469164323405869,0.046373307534098
53,2310,-1.49312440954374,-0.024941019023013,0.464747962225173,0.041970192317532
53,2320,-1.30708947675247,-0.019032316155848,0.474886555585631,-0.004358096509133
53,2330,-1.11321516507524,-0.028427496230319,0.497689665165833,-0.009731785479237
53,2340,-0.908937744619807,-0.026817744539237,0.517663411201122,0.008352442052018
53,2350,-0.699084436114338,-0.021745542588705,0.520580368259806,-0.015843002419245
53,2360,-0.492473450011962,-0.039492146474633,0.506949374763646,-0.060457734375889
53,2370,-0.293524936303421,-0.070111730089415,0.492559553856074,-0.044728278823669
53,2380,-0.098425806927103,-0.075274769533568,0.489819301206335,0.024620367571038
53,2390,0.098330504661647,-0.050415436032585,0.494536686618014,0.050745629523824
53,2400,0.297203542367309,-0.034678265914509,0.495969128537169,0.000346489931674
53,2410,0.495105807491382,-0.050138244087246,0.489946904046238,-0.044547793806419
53,2420,0.689161065604299,-0.070316500959644,0.482903609017375,-0.020569303676747
53,2430,0.881428694705282,-0.066593687028643,0.491525418282705,0.021636237631895
54,2330,-1.8352085593615,-0.202048957391132,0.447249973908922,-0.010137331423772
54,2340,-1.66250276565427,-0.160563183413602,0.431939410031008,0.135012277825229
54,2350,-1.4896570313367,-0.094039135130948,0.463387236595248,0.100485379852162
54,2360,-1.29179297637807,-0.080174879531872,0.527489124006835,-0.015809070567144
54,2370,-1.06766573213123,-0.106686391584664,0.565439816488961,-0.027788455837361
54,2380,-0.8394411231869,-0.102405644201761,0.551571950578477,0.066075031163595
54,2390,-0.626408171668447,-0.053826366653788,0.510229977564086,0.097997440162614
54,2400,-0.431257141135631,-0.02400769207167,0.476582674191265,0.007506384238582
54,2410,-0.245142032315434,-0.047821259262923,0.466181370791878,-0.064653112872444
54,2420,-0.058312044502129,-0.075730182369625,0.471543013246392,-0.008899914578854
54,2430,0.13209237828168,-0.054941190926006,0.476052815771051,0.080717796612235
54,2440,0.322530208114712,-0.011155945079837,0.475362694619467,0.068365798913298
54,2450,0.512382533977253,-0.000248551795368,0.480880700678846,-0.008562834443177
54,2460,0.707234768657789,-0.018006212634379,0.499409405686042,-0.017331395799057
54,2470,0.911910058526087,-0.014113668434613,0.526562834890328,0.046748467929262
55,2380,-1.81497256564392,-0.086140425604117,0.500315446459993,-0.071412398817273
55,2390,-1.61351618785213,-0.133350050048602,0.489138369586151,-0.094532336243539
55,2400,-1.423661869975,-0.161766294598949,0.460589523334427,-0.001147080574138
55,2410,-1.24504456918459,-0.134267714507912,0.439466915819414,0.095843156734609
55,2420,-1.07208833731946,-0.085091769211262,0.433382502367566,0.07127238092007
55,2430,-0.898338567290535,-0.077249809771856,0.442412263705992,-0.040400343323214
55,2440,-0.718158526354671,-0.117412043869832,0.460422481398592,-0.085759954419409
55,2450,-0.530000582171661,-0.145857773307384,0.477646929028917,-0.000548101637563
55,2460,-0.336040983131538,-0.117850525179883,0.486002195769243,0.101335496379634
55,2470,-0.141198825556267,-0.064789376203677,0.483821868565936,0.084260484409043
55,2480,0.051016511721211,-0.050442137652648,0.480601827663712,-0.023138385115967
55,2490,0.243282636574703,-0.083300084296451,0.486830332349489,-0.069883902814816
55,2500,0.440480777600803,-0.106349259904501,0.501339939706803,0.007187379094586
55,2510,0.644354588340145,-0.077550181020782,0.513497304267931,0.096281664393
55,2520,0.851278621015147,-0.029323928390101,0.515068630077827,0.066055442217959
56,2420,-1.90735196482481,-0.062504089193458,0.489592905009193,0.0231237816751
56,2430,-1.70693348148327,-0.080329304597361,0.497476550087791,-0.083234865265363
56,2440,-1.50937072475458,-0.129091981405748,0.492145736160313,-0.083876504617762
56,2450,-1.31321689255502,-0.14743050829157,0.489037238201915,0.0229729685908
56,2460,-1.11814093419305,-0.110713606533108,0.488133372412051,0.104945814645801
56,2470,-0.922710194625374,-0.06347385657493,0.496763941955199,0.064610608256478
56,2480,-0.720729780628886,-0.059025119927926,0.513519823904936,-0.029097116768239
56,2490,-0.511894335501425,-0.086751549989521,0.516797746075319,-0.037926441652306
56,2500,-0.307291583768631,-0.08936627324977,0.494514897176233,0.050536860979192
56,2510,-0.116282417760439,-0.046322061206167,0.469313960914849,0.106283220931003
56,2520,0.068159584963249,-0.004339696504968,0.478493418388407,0.045101087511796
56,2530,0.266512316950287,-0.01024119119673,0.526082941439725,-0.047649212516709
56,2540,0.489025938115029,-0.042459066518335,0.565824330089213,-0.037191872169388
56,2550,0.719171781021658,-0.039994688932241,0.551503189470192,0.064778674502032
56,2560,0.930228489691182,0.009363873083291,0.49776411578851,0.107533869846377
57,2470,-1.8590138384772,-0.102392162999958,0.508080930279991,0.150217027254148
57,2480,-1.65195936528976,-0.038077009509129,0.516769414969983,0.108999717285766
57,2490,-1.44559830650122,-0.015192389171346,0.520715089035858,-0.015377406037304
57,2500,-1.23538729406107,-0.050378934338972,0.52762570568832,-0.099061548118401
57,2510,-1.02349774195056,-0.094441627666067,0.520859945467014,-0.042000025516003
57,2520,-0.81869933768746,-0.083978954751775,0.496807961989289,0.090427015700619
57,2530,-0.626051372359129,-0.022100015105571,0.475683453702944,0.130386703185156
57,2540,-0.438152574725106,0.02033040779635,0.48473320951154,0.020910312467485
57,2550,-0.238264804749897,-0.005371765131583,0.523095067969745,-0.101245393007515
57,2560,-0.019676520349309,-0.060665906609662,0.555875059719632,-0.078383164282652
57,2570,0.206435243025809,-0.068078296557705,0.553952047326762,0.05995755587635
57,2580,0.423485117512101,-0.012699861908582,0.522394895031528,0.129708890319581
57,2590,0.624351159051032,0.03568881569796,0.489149825796555,0.032183062306319
57,2600,0.814804978149345,0.013046587936474,0.476630118605342,-0.114400026619019
58,2500,-1.98124569744084,-0.172937001607166,0,0
58,2510,-1.77881637953838,-0.198296429241406,0.496478755259324,0.03725701439002
58,2520,-1.58406269323339,-0.14313139009515,0.482540711047479,0.159489991513193
58,2530,-1.3927838107004,-0.070704436030852,0.485983473631579,0.099956736125226
58,2540,-1.19527591432812,-0.06316600119497,0.497362757502754,-0.064130356351179
58,2550,-0.994893604698197,-0.122008721111795,0.493306037421591,-0.12923090080376
58,2560,-0.800631084390849,-0.166550721837978,0.481213313810696,-0.017668333341384
58,2570,-0.60992295364964,-0.136143387784903,0.485694959784466,0.124768896193097
58,2580,-0.412075116563276,-0.066735604883501,0.507165919426735,0.11129597725693
58,2590,-0.204190218108252,-0.047106605979359,0.520510682427746,-0.051637839663587
58,2600,0.004333429378921,-0.108045876614371,0.505812486149478,-0.168516993028107
58,2610,0.20045977081133,-0.181920200401845,0.47531317630974,-0.095155138175943
58,2620,0.384583970426712,-0.184169987155125,0.466283510467456,0.087309396064392
58,2630,0.573486579185295,-0.112072683550331,0.492754945615086,0.174807592702443
58,2640,0.778787926918781,-0.04432391299317,0.524484061881516,0.077323546387915
58,2650,0.993073828690508,-0.05021384644,0.529151289962861,-0.088509752048143
59,2560,-1.82333272136791,-0.116180761060558,0.506080991722836,0.000268535076609
59,2570,-1.61803998388526,-0.076560941690085,0.503052643128896,0.11903567911193
59,2580,-1.42089060686479,-0.020952217771015,0.486042846532592,0.067396114858922
59,2590,-1.22920570665918,-0.022644049802948,0.48370180444748,-0.063930117060033
59,2600,-1.03392916330681,-0.072096311419041,0.498353145479163,-0.08834418321206
59,2610,-0.830523190275852,-0.093319396372595,0.514823808626776,0.027421505203968
59,2620,-0.62207011640539,-0.050159107255866,0.516707785671558,0.119900148174699
59,2630,-0.417156961738606,0.002600722167164,0.501587598020689,0.055837517891577
59,2640,-0.220800037988839,-0.005489092942605,0.483719013533801,-0.081761775697007
59,2650,-0.030181750911564,-0.062808698390441,0.477003855549868,-0.106222666104228
59,2660,0.160803046451056,-0.090467225825987,0.485811859123771,0.013881976102081
59,2670,0.358467736387452,-0.051703117508776,0.501775385886511,0.109758500591665
59,2680,0.562223355160265,-0.002660425352655,0.503305164660013,0.04892870366058
59,2690,0.761111868115463,-0.012560154580312,0.478243479988618,-0.082454293195382
59,2700,0.944818139151159,-0.068623859908961,0.447289661248949,-0.105464485262742
60,2660,-1.78080425099235,0.000633151206785,0.559851088949996,0.043231332638379
60,2670,-1.55750697339448,-0.019738960497259,0.558410164426446,-0.094726870946217
60,2680,-1.33407611945119,-0.075148345550189,0.575543349515261,-0.095813300395673
60,2690,-1.09707229378227,-0.096389600813797,0.616461495935153,0.001930964903498
60,2700,-0.840906922703066,-0.07360357362739,0.650681094484705,0.045924532264264
60,2710,-0.576527418194504,-0.059649975002386,0.644805583750637,-0.009689232766368
60,2720,-0.325062455702556,-0.081354959840485,0.595417357944372,-0.04339829535202
60,2730,-0.100193531839007,-0.094368611284001,0.538098295000298,0.033888203576099
60,2740,0.105416180297682,-0.054244396979605,0.512506733484008,0.123676437869387
60,2750,0.309811854948199,0.004572539011509,0.518156951866806,0.077665004522135
60,2760,0.519941741791127,0.007887606638103,0.521816740937717,-0.070301595639236
60,2770,0.727265247698373,-0.05166873749988,0.502367104168769,-0.134836261299798
60,2780,0.921835425126142,-0.099981402401735,0.476821902137843,-0.0396791539599
61,2700,-1.82855167242915,-0.03925446465149,0.525771975749791,0.054610988489839
61,2710,-1.61361507665227,-0.046225343129891,0.545271141889284,-0.056437255427507
61,2720,-1.39233475891773,-0.084404268993495,0.564999103175143,-0.070798947495328
61,2730,-1.16161579411216,-0.102864501126153,0.58834173837334,-0.008475555806452
61,2740,-0.921661368219053,-0.091184713638657,0.607734674864589,0.027061408865573
61,2750,-0.675428054220483,-0.081215374033694,0.617480696898288,0.007649011748358
61,2760,-0.427676810700423,-0.08506550423997,0.611754070905707,0.005689020106882
61,2770,-0.186024797495918,-0.076664157948189,0.588823557638473,0.044944677947593
61,2780,0.043382035410355,-0.049109761881896,0.559443257237497,0.041772387833378
61,2790,0.26152980829408,-0.043246247681487,0.538661445251671,-0.044899239791162
61,2800,0.474311191611692,-0.085029153714825,0.524183907728596,-0.107481051524005
61,2810,0.680876934476957,-0.129231088900691,0.496250050720027,-0.032873810539899
61,2820,0.871311232187713,-0.111328202146744,0.448015178152453,0.111005670081481
62,2730,-1.92317513947229,-0.0455078318954,0,0
62,2740,-1.69631825947399,-0.011997262291455,0.568472397307935,0.052768528513298
62,2750,-1.46839722162595,-0.003293009084762,0.56892495674837,-0.028952970753351
62,2760,-1.24117829407529,-0.035159638894135,0.576737828607006,-0.080947326648025
62,2770,-1.00700695874034,-0.068050870403182,0.597551931156097,-0.03926901432812
62,2780,-0.763136749150413,-0.066574850356631,0.614183483812663,0.016116100650275
62,2790,-0.515660171690212,-0.055157989882962,0.610298124302949,-0.005311198332237
62,2800,-0.274898249708054,-0.07082380902242,0.588102305253475,-0.051304767746371
62,2810,-0.045178327487431,-0.096201804080059,0.566486869203514,-0.027940502982047
62,2820,0.178291245654757,-0.093176211408057,0.556515270838406,0.02549603384274
62,2830,0.400033889183293,-0.075804977005867,0.544125148680068,0.003524336918858
62,2840,0.613591364598811,-0.090356741872971,0.506212098003093,-0.071049912525322
62,2850,0.805003567585768,-0.132644907026124,0.444190618666434,-0.064708474755546
62,2860,0.968943859531958,-0.142123521677407,0.393009373466233,0.053732100998108
63,2770,-1.82822500007053,-0.130863911806086,0.574751700477441,-0.032577918442379
63,2780,-1.59585101489487,-0.104055027281888,0.576278031591254,0.090789414243768
63,2790,-1.36720257479753,-0.058232380411072,0.580863466840635,0.049212760134942
63,2800,-1.13116024142236,-0.064684819173935,0.602415250079276,-0.062015570597916
63,2810,-0.885270374734104,-0.107844836889404,0.611059350091794,-0.072494252556612
63,2820,-0.642312761348925,-0.122680221219225,0.593777320135042,0.006687038975704
63,2830,-0.410248518626071,-0.102495205708841,0.577746801296202,0.02876535004936
63,2840,-0.180115320311963,-0.099667941179737,0.586276807664413,-0.029333871652976
63,2850,0.05877292750546,-0.125962303031222,0.597693164789671,-0.034038995994668
63,2860,0.298039211519773,-0.126899137975471,0.572192476803705,0.062459876466882
63,2870,0.516526908948424,-0.075994401857716,0.510019242624676,0.121770648299903
63,2880,0.706054605619514,-0.029482619335549,0.45260704216954,0.035683938826845
63,2890,0.878612542684056,-0.04744725079624,0.426848223596377,-0.09214541555222
64,2800,-1.9670098126924,0.031222999111775,0,0
64,2810,-1.73728506821066,-0.013979645417121,0.5839251849381,-0.056552190314508
64,2820,-1.49986966474192,-0.014018753139832,0.58895365248345,0.02847595474897
64,2830,-1.2661221462239,0.008801118382055,0.57459092639005,0.022972923536558
64,2840,-1.04019692362988,0.004359585689415,0.556904818964718,-0.049795315453386
64,2850,-0.820598291052126,-0.031035133980653,0.54511301500845,-0.064761038840363
64,2860,-0.604106511623118,-0.047449245382876,0.540549670150493,0.011095793607935
64,2870,-0.388158554931732,-0.022158499094306,0.539912183985618,0.059491269006499
64,2880,-0.172176764434624,0.000143769822323,0.536401247821569,-0.002427845279943
64,2890,0.040962443325524,-0.02410077531826,0.522527758792896,-0.081339623443878
64,2900,0.245845442599693,-0.064927928932779,0.496922844127918,-0.042916921496427
64,2910,0.438500718627858,-0.058434312515401,0.466202988689093,0.07641080465594
64,2920,0.618807833550968,-0.003799285208027,0.436468274004562,0.108952764620414
64,2930,0.787675337831507,0.02872789918093,0.410362128666855,-0.001992793816317
64,2940,0.947097536484452,-0.005393520261081,0.396016438992148,-0.112625414532324
65,2850,-1.86631915358128,-0.062308969373247,0.57678620545294,0.074404774834576
65,2860,-1.6275204293056,-0.057549086084242,0.591721044856576,-0.034753045150746
65,2870,-1.39294231769601,-0.090111405493843,0.570746118789255,-0.057929512547831
65,2880,-1.1709235342742,-0.103892696122507,0.538780504412024,0.020315571766963
65,2890,-0.961917914166395,-0.073858948080273,0.517184945437976,0.072457268936437
65,2900,-0.757175577923818,-0.045926880973357,0.518812348609114,0.007585864520882
65,2910,-0.546868035279104,-0.067790256463568,0.527727601257957,-0.080616289063434
65,2920,-0.334993496917452,-0.110419912224104,0.516036775277492,-0.050803484988009
65,2930,-0.134038615057111,-0.108433044453974,0.485319603624769,0.059800967152364
65,2940,0.053262185982363,-0.062579138502213,0.459674977784765,0.074473242492174
65,2950,0.233701367170701,-0.048854450460235,0.44142751991351,-0.062398593906146
65,2960,0.406404201913171,-0.11249801362713,0.408317012150281,-0.183333337736024
65,2970,0.560354976890926,-0.195521120649054,0.361953637503923,-0.116710867658974
65,2980,0.695967111916309,-0.205866707754309,0.342164704078918,0.07659057906828
65,2990,0.834086740154061,-0.13424865739443,0.378208418162431,0.179674302420195
65,3000,0.998533846446254,-0.062127265818153,0.457973961600704,0.099077803737036
66,2900,-1.77831576656433,-0.105602888417427,0.612611936220443,-0.103516540206319
66,2910,-1.52974546083063,-0.122318525919224,0.617247741972299,0.002300395435775
66,2920,-1.28451757298649,-0.103762572068808,0.606460850037419,0.021742108323447
66,2930,-1.04457678080069,-0.104924839260466,0.596043388235051,-0.049491413152721
66,2940,-0.807682862398445,-0.143355702590985,0.594460513926064,-0.072901437175763
66,2950,-0.569008369659843,-0.163245989001077,0.595537182916689,0.034731625455951
66,2960,-0.331253116065094,-0.115570402226224,0.56984140264959,0.149457055524796
66,2970,-0.11313524754017,-0.04368034458124,0.492693240819651,0.09991520664185
66,2980,0.062901476590627,-0.035638236912743,0.390377408007676,-0.07289321377643
66,2990,0.19916667886597,-0.101994915602384,0.330848529659785,-0.15030140241953
66,3000,0.327580300318455,-0.155879358848367,0.352405687242069,-0.035030092746313
66,3010,0.481091228659626,-0.130018989799434,0.423684888478446,0.113127827394412
66,3020,0.666528211101212,-0.065377096932838,0.486025090586689,0.103965651222423
66,3030,0.869911301128977,-0.046846468821496,0.51327469927026,-0.023746050866754
67,2920,-1.950225600216,-0.007017968618954,0,0
67,2930,-1.7233447508804,-0.015207366483683,0.567157887085022,-0.045959290240505
67,2940,-1.49649929054799,-0.043785400811358,0.560146418159157,-0.037371143821582
67,2950,-1.27522761635308,-0.045104281540948,0.544597340970327,0.031254160695705
67,2960,-1.06082141777172,-0.018782072254794,0.522185098879226,0.039065295965043
67,2970,-0.857479537249698,-0.013852044768913,0.492595477672676,-0.038467964171164
67,2980,-0.666745035633583,-0.049556443591725,0.465337804078623,-0.084208230366238
67,2990,-0.4852092939868,-0.081218629061903,0.449658455993332,-0.020786040779034
67,3000,-0.307018270838917,-0.066185276214952,0.443945911211377,0.068661103952788
67,3010,-0.130052565017698,-0.026289745899673,0.43809130902193,0.063594220978289
67,3020,0.043454776378627,-0.015309899432322,0.429814788684595,-0.020608068500857
67,3030,0.213799265929978,-0.042776200700358,0.430091290391931,-0.060164159040308
67,3040,0.387527808692172,-0.063441226664568,0.448899046651096,-0.000503836066287
67,3050,0.572918503250855,-0.043179269553388,0.476098027513066,0.070036932329323
67,3060,0.768406230702625,-0.007411680801109,0.486619574375978,0.047165380533113
67,3070,0.962214162751637,-0.005446965126897,0.470741067273935,-0.04148764301955
68,2970,-1.89609029858102,-0.168849374799657,0,0
68,2980,-1.65391205896129,-0.135322911565333,0.612205274409205,0.074140095631984
68,2990,-1.40632607905366,-0.10953729829407,0.607241463463477,0.042516033090623
68,3000,-1.16811888819051,-0.101310085092834,0.561852422123719,0.020057624210261
68,3010,-0.956844141354686,-0.093491198925861,0.483539694737629,0.041937568357451
68,3020,-0.781287132400406,-0.067760030406873,0.411357440544833,0.070294882652836
68,3030,-0.627758188918819,-0.037255292803592,0.390438071670443,0.042133632811253
68,3040,-0.468936675064052,-0.034053124157871,0.424731293202798,-0.03345804568485
68,3050,-0.28797315435658,-0.064021729351472,0.471570269211073,-0.074690411716745
68,3060,-0.091680459695194,-0.093805453531267,0.491290928735628,-0.03895365985718
68,3070,0.105059588631922,-0.095184657237216,0.485705913058025,0.010463674383831
68,3080,0.296884270751226,-0.085434514024202,0.474051896327929,-0.004827514304374
68,3090,0.484301105694265,-0.099046668680716,0.4565366987481,-0.058195604518822
68,3100,0.662113629749706,-0.131990997639259,0.426287936706234,-0.059505835400651
68,3110,0.825331455059253,-0.146651337001236,0.405394196321361,0.003863879526348
68,3120,0.986428986806795,-0.128899894018181,0.433281493291262,0.048676060333506
69,3010,-1.91452144990204,-0.09521536562275,0,0
69,3020,-1.68372844987572,-0.077763709041685,0.557979861780552,0.063586777428599
69,3030,-1.46813756047759,-0.044345943679871,0.50769256142326,0.042696302584531
69,3040,-1.27757440073711,-0.04360666697406,0.460482663678466,-0.049428964280677
69,3050,-1.09975142953482,-0.083889115104412,0.449464848544423,-0.094190157546302
69,3060,-0.918002521901574,-0.118958793011102,0.469245149550315,-0.031381055711279
69,3070,-0.724355309894569,-0.108993959673436,0.499448939466609,0.056823491288288
69,3080,-0.518443370328287,-0.073499999980471,0.528727948532211,0.05842117191064
69,3090,-0.301372951068801,-0.062257022144923,0.551270586457737,-0.016728495265613
69,3100,-0.077426901162098,-0.086882796192962,0.556526590074921,-0.058638366867226
69,3110,0.143848320991136,-0.109167715638704,0.542413974628264,-0.017114486585084
69,3120,0.356504278540514,-0.100574385461029,0.519855592004136,0.033235535844709
69,3130,0.559732794594445,-0.082579286962938,0.490885460604869,0.016725986018251
69,3140,0.749212647024409,-0.087193596646428,0.45250078855605,-0.02722699612028
69,3150,0.921733425439285,-0.104360883859161,0.426202516997708,-0.016399948880341
70,3050,-1.90709412082121,-0.146540616775564,0.466539731024056,0.015069954357173
70,3060,-1.72149812368865,-0.109602044170182,0.443880153593264,0.133278750108348
70,3070,-1.5519899979466,-0.039917616688886,0.420361787815977,0.130140775915002
70,3080,-1.38520869343587,-0.00548942343818,0.43362101334979,0.01505742294482
70,3090,-1.20509318726677,-0.02787167833303,0.469861174469892,-0.062375172043038
70,3100,-1.00931975385996,-0.055389561072611,0.499739257819592,-0.013663521502371
70,3110,-0.805301781011093,-0.038802495534927,0.512290245767512,0.069293515158005
70,3120,-0.599487557245946,4.52510537929571E-05,0.513572150213914,0.060374507953343
70,3130,-0.394444060839962,0.009497110827748,0.507968526122451,-0.015079325354826
70,3140,-0.193112736347985,-0.012018209230068,0.495125880312005,-0.041641270600911
70,3150,0.001656643409642,-0.023815905652981,0.480542766701276,-0.007832318306042
70,3160,0.191321477013036,-0.018284063874901,0.470692517347354,-0.015494816940771
70,3170,0.378210657287526,-0.036211759205598,0.461446143658591,-0.096601110402469
70,3180,0.56047839193991,-0.095564952196876,0.444737960176218,-0.143686069193309
70,3190,0.7340010254285,-0.151160614560245,0.429005717185937,-0.072269616098383
70,3200,0.903682965688659,-0.153380645075583,0.442939409854996,0.041896909645569
71,3110,-1.82626266877894,-0.076394761201353,0.494744890326816,0.086081581012246
71,3120,-1.62931610606933,-0.054609201304406,0.487055753352631,0.014745758213042
71,3130,-1.43661806609683,-0.064598154630919,0.485557640523264,-0.029272261519278
71,3140,-1.24086999365072,-0.078027010519828,0.499861962523279,-0.006128043065065
71,3150,-1.03672849607821,-0.069500589082971,0.524489270818469,0.028254557004289
71,3160,-0.821278576995943,-0.055423364916397,0.547889873506904,0.001984568296466
71,3170,-0.598416597272684,-0.067912934445799,0.545039465200284,-0.057775827155006
71,3180,-0.385247004835716,-0.101644026640402,0.496890012233823,-0.064141354455342
71,3190,-0.200904587485626,-0.119226018010073,0.426564583144603,-0.006674042614865
71,3200,-0.043995338320033,-0.106983260732294,0.389194221990571,0.030197647084815
71,3210,0.110450790106831,-0.095067900342221,0.417120254861911,-0.005603277871547
71,3220,0.289700865569495,-0.111465883029532,0.485867822839085,-0.05438212575658
71,3230,0.499145048378099,-0.138573600947485,0.535802723545172,-0.034951462876463
71,3240,0.718343044405633,-0.139427053330702,0.530095423404558,0.029642428197429
71,3250,0.923221387101745,-0.114859658389542,0.492406044936612,0.046133740559932
72,3140,-1.81250580671889,-0.040375261286359,0.552770465232236,0.025185298946781
72,3150,-1.59447702587645,-0.012371055633938,0.514267497671015,0.052585789537089
72,3160,-1.40109180858208,0.001693370343312,0.477982487607343,-0.012606532594367
72,3170,-1.21209103579057,-0.022456281709432,0.499004427415442,-0.062902482764177
72,3180,-1.00188826664972,-0.04862861586803,0.544545572904345,-0.022513053124597
72,3190,-0.776454577467097,-0.040466724209109,0.541365196212873,0.035072067879107
72,3200,-0.568796109679426,-0.020570961564744,0.472717423229653,0.009434036222961
72,3210,-0.398280638883375,-0.032919495230741,0.401376927635676,-0.06140804197168
72,3220,-0.247694567570885,-0.069697395142088,0.38767520323923,-0.06097985261899
72,3230,-0.088140476291991,-0.081703377325932,0.421879953051374,0.014371506212151
72,3240,0.089809394870215,-0.058200190172367,0.454568852630386,0.043109879432083
72,3250,0.275514605812318,-0.047215473780266,0.458485338806309,-0.023078462796238
72,3260,0.456597665915262,-0.076662960409358,0.439948203347193,-0.069462569233542
72,3270,0.627473168490072,-0.1027855291671,0.411651650298473,-0.000417343966578
72,3280,0.78591898615404,-0.076996835582621,0.382005424289005,0.093589349350632
72,3290,0.933077507921276,-0.027914049686594,0.366040307730351,0.06652756777803
73,3180,-1.89888873164623,-0.062184106669314,0.534986778476692,0.132248512113261
73,3190,-1.67754260477854,-0.02754007932814,0.551002293165337,0.011467832068048
73,3200,-1.45808689711396,-0.053009841014876,0.541678257124961,-0.086510770284421
73,3210,-1.24419999907857,-0.096748695555677,0.522215617765375,-0.047780347701571
73,3220,-1.04031440290166,-0.091234119176132,0.48725641497489,0.0774795371598
73,3230,-0.854394867098656,-0.034765065827836,0.437553081832925,0.111831789840653
73,3240,-0.690271937435319,-0.00176868730361,0.394783702796676,-0.012549329123016
73,3250,-0.538567904861315,-0.044804529126249,0.384938250174512,-0.151789318837058
73,3260,-0.382321337295709,-0.123200142373256,0.413017380779485,-0.13989234577925
73,3270,-0.208154000237727,-0.156718405749649,0.462494720977765,-0.005734380817924
73,3280,-0.012325560513498,-0.127787647027596,0.504224374433463,0.076268021270432
73,3290,0.195225499309043,-0.095703988733304,0.511800758381243,0.020453409236901
73,3300,0.397115046191497,-0.111424919638075,0.484623841929333,-0.06845055801273
73,3310,0.582924572852509,-0.150464435143488,0.450727019309611,-0.052329359968898
73,3320,0.757696661639186,-0.153288407613194,0.438761948294288,0.0485414515108
73,3330,0.93393413148794,-0.111631273934848,0.452919804684974,0.094273878836
74,3230,-1.9095068827146,-0.109432959160278,0,0
74,3240,-1.66983734043863,-0.135671159793499,0.537563397447386,-0.089747305476006
74,3250,-1.47945616475669,-0.181230803541083,0.405056501392034,-0.068627351910919
74,3260,-1.345792139325,-0.190573041322234,0.317322607483952,0.04184733240189
74,3270,-1.22559807876953,-0.147752937619572,0.342943986430509,0.108073744034087
74,3280,-1.0714369501806,-0.104114046094964,0.435345334258251,0.052570634147949
74,3290,-0.877321811362929,-0.105696430301212,0.505752569700921,-0.029724399903336
74,3300,-0.666834894419859,-0.127893566017632,0.529915874984077,-0.022317661867607
74,3310,-0.453389111375667,-0.123550559795298,0.538055583744768,0.031918350153575
74,3320,-0.236390427424045,-0.102358885894773,0.540355641479782,0.01368775932729
74,3330,-0.021104598191842,-0.112600352333466,0.517902235799385,-0.069368655628013
74,3340,0.177931361215463,-0.157853810397183,0.464948304302219,-0.086816895107733
74,3350,0.350854045249933,-0.182053868419652,0.408186791647691,0.013219682562086
74,3360,0.504480794533615,-0.147278064347514,0.380417529548569,0.114010445399128
74,3370,0.655188068888789,-0.09084551210035,0.385885423489384,0.083618893675828
74,3380,0.813189133325122,-0.080382949406852,0.406509081804103,-0.045399860219165
74,3390,0.980395334332071,-0.127165400275682,0.433603725010499,-0.11606673754913
75,3260,-1.99450138438215,-0.058780948550432,0,0
75,3270,-1.77708358378302,-0.001674717368593,0.519610408037684,0.058791218331473
75,3280,-1.57881305795201,-0.011747973885253,0.475978508716011,-0.067676360578994
75,3290,-1.39630077681022,-0.055815805831788,0.443756739868242,-0.090376109540821
75,3300,-1.22380766605741,-0.08404886151791,0.414033410738513,-0.053203832339864
75,3310,-1.06507404821941,-0.098378871703679,0.386696688855427,-0.055688088156003
75,3320,-0.914450314973073,-0.128599332042712,0.389465354786438,-0.074285235794718
75,3330,-0.753501764390255,-0.157807060339453,0.427104339644298,-0.015875197068319
75,3340,-0.572766843257634,-0.141299489697367,0.463767996179568,0.082647560194851
75,3350,-0.3824873674466,-0.091689012183573,0.466232113629471,0.089556609989467
75,3360,-0.199781152354057,-0.069654201705793,0.437467815929647,0.01042759362206
75,3370,-0.032513114702883,-0.083346937285925,0.404903571158735,-0.002215279493422
75,3380,0.124141704572931,-0.071426425300531,0.394327732718013,0.092350293587284
75,3390,0.282949071471527,-0.009466702416097,0.413588456631484,0.13662995916141
75,3400,0.455012469878119,0.037877542028597,0.447177037288669,0.022748848904877
75,3410,0.640690701302463,0.008732376707804,0.463293184305827,-0.125149875426075
75,3420,0.82564701732278,-0.062242358312263,0.442164407200999,-0.120901089136264
75,3430,0.994422227063262,-0.087988494601207,0.413169337523686,0.019348010192
76,3320,-1.88418919436511,-0.106722155380029,0.46164270250298,0.089501623604191
76,3330,-1.70579865069511,-0.06260615572771,0.414662463717762,0.069195093089726
76,3340,-1.5524592233909,-0.051366080908248,0.370046050095784,-0.039673825524685
76,3350,-1.40976181061848,-0.094345216147458,0.362514920311724,-0.116369224495841
76,3360,-1.26244728714152,-0.144461460504921,0.376597752203285,-0.055649726933248
76,3370,-1.10848360885585,-0.138864997694057,0.381871352732573,0.078647800994922
76,3380,-0.956950204955466,-0.081543219708983,0.36627947414347,0.120026188836823
76,3390,-0.815460029541077,-0.042844046624598,0.34786320841929,0.011663502893882
76,3400,-0.678659638220035,-0.072212417393877,0.353674374521083,-0.114696934613116
76,3410,-0.532520529924211,-0.134601594315091,0.385918862446862,-0.099827862009328
76,3420,-0.369924548262545,-0.15207470700134,0.420045203280939,0.041189552625441
76,3430,-0.19648436729946,-0.101649952214739,0.43687086651445,0.134281863743294
76,3440,-0.020427855050986,-0.044649216006705,0.441075165521576,0.067299881619337
76,3450,0.156375765117801,-0.047810046919269,0.446552076893218,-0.06479279005196
76,3460,0.336813806463589,-0.096483448048273,0.456971557873487,-0.085535027803552
76,3470,0.52195301141659,-0.116238069162111,0.465072848492755,0.027094362826354
76,3480,0.708872085257793,-0.07480795778719,0.473435991355049,0.118051457150709
76,3490,0.900701804500629,-0.021796903441543,0.506395516248501,0.07412600470601
77,3360,-1.93568462563068,-0.140510587314988,0.437644468906072,0.090379046316615
77,3370,-1.75646589687647,-0.083819180464923,0.431961723339553,0.119895300529288
77,3380,-1.59011524695903,-0.044594346891558,0.397499183723151,0.0140825786528
77,3390,-1.43846654989795,-0.072553117542683,0.365384782479646,-0.105371807843657
77,3400,-1.29780742097532,-0.128891793166483,0.344189197420926,-0.072094355599303
77,3410,-1.1631151919612,-0.130228602022125,0.339033983588839,0.075123211472268
77,3420,-1.02658023410425,-0.068793223988669,0.348163603199321,0.125214032465649
77,3430,-0.884584309401748,-0.030057376049606,0.359790842409075,-0.003856166800701
77,3440,-0.738747560176985,-0.07187815742923,0.366436367794369,-0.134856985617415
77,3450,-0.591435215166253,-0.137942964543537,0.370699691672285,-0.081143890480008
77,3460,-0.442187806839157,-0.136793269813236,0.378499426071484,0.083810195875244
77,3470,-0.288635674309066,-0.070894807843342,0.393866751288373,0.138374742307569
77,3480,-0.127094405808458,-0.026093475967181,0.420989759880444,0.03313936853826
77,3490,0.048156133595289,-0.044383313012734,0.456255690941573,-0.057839493252886
77,3500,0.2379101469448,-0.07236507056949,0.487868311949862,-0.015466392286538
77,3510,0.438450783155178,-0.056756426841964,0.514562968359939,0.058457855605434
77,3520,0.649560521632752,-0.025598786085143,0.546289717303333,0.039502674566469
77,3530,0.875482556997845,-0.025154287188789,0.586179022399865,-0.015186311918217
78,3400,-1.98314254141624,-0.103336936582435,0,0
78,3410,-1.83787412115854,-0.21812193646107,0.366235017214197,-0.160505926382284
78,3420,-1.69015452764489,-0.231741677688262,0.363196317451873,0.09342138268165
78,3430,-1.54731706719704,-0.14338483031575,0.358327454776696,0.213711072679717
78,3440,-1.40349256382353,-0.060772819544488,0.373395113821791,0.081684268467721
78,3450,-1.24860097613961,-0.078037415541573,0.398403067483265,-0.117667434610117
78,3460,-1.08477010983692,-0.154906767232582,0.396369717391298,-0.112708065527121
78,3470,-0.931505202226572,-0.16820386796327,0.348081375065042,0.098131591862052
78,3480,-0.806305009784884,-0.076401493742941,0.288026094244178,0.238774672426962
78,3490,-0.701084326831229,0.0228158699783,0.2762441199426,0.117723219981172
78,3500,-0.585309713830803,0.017777082241997,0.334619607528695,-0.127167918387898
78,3510,-0.433388640808273,-0.078918464732019,0.427647839832368,-0.213133769344259
78,3520,-0.243191441964909,-0.15272993323341,0.503570398874635,-0.069556331578759
78,3530,-0.030532321708565,-0.134563529995026,0.537125771584184,0.088547087463592
78,3540,0.186509175302439,-0.081892263262537,0.538994469714012,0.058198988839146
78,3550,0.400663254062645,-0.088004338923709,0.535940643187758,-0.080516171991996
78,3560,0.615261689852645,-0.146305200856133,0.541847850086995,-0.092344370951839
78,3570,0.83414153413224,-0.16187983568518,0.559048043220214,0.0667584789331
79,3430,-1.94479612941013,-0.141462611392312,0.406101596341533,0.340334945464728
79,3440,-1.77623502750807,-0.016409977881128,0.414527250097455,0.188106560366194
79,3450,-1.61317432933216,0.009022636900643,0.396707057538884,-0.05628793130629
79,3460,-1.45886938147697,-0.06144032292616,0.367881812452574,-0.166271810681911
79,3470,-1.3188688793701,-0.123994811644886,0.314005796972833,-0.03272605825503
79,3480,-1.2076647438987,-0.087621169530184,0.239777441882075,0.167398763968182
79,3490,-1.12704692586444,0.00992419952966,0.189572368978142,0.169245299201706
79,3500,-1.05600684871619,0.047775069831181,0.196393822421169,-0.031885917643741
79,3510,-0.969931867927508,-0.015584534585332,0.249301087498343,-0.164018625273431
79,3520,-0.856565978717511,-0.083439830387563,0.318210845823279,-0.052176298407144
79,3530,-0.715363191268885,-0.057325573311047,0.382386627369434,0.128649103107236
79,3540,-0.550656676821964,0.019479452098226,0.437824882146326,0.104610776357068
79,3550,-0.365103285551824,0.026363047774607,0.488605164563232,-0.090137536325638
79,3560,-0.159772545171378,-0.052630576962285,0.532767887793936,-0.166063073319301
79,3570,0.061111024683325,-0.106487410880834,0.562338722111469,-0.019368002443873
79,3580,0.290098432517797,-0.068124978917384,0.567773096140507,0.11822063528584
79,3590,0.515329501595731,-0.011910902652162,0.548504614739429,0.044316626124876
79,3600,0.72890212430934,-0.032671678017483,0.527093733241527,-0.113513623134712
79,3610,0.937004488188952,-0.102721801159931,0.534131426543224,-0.111965273652046
80,3490,-1.93213276963183,-0.096017522184969,0.363625029332372,-0.020538114493523
80,3500,-1.78060145191359,-0.061845046443241,0.373280481344495,0.12667383059857
80,3510,-1.63350838455623,0.005321542293887,0.350624377826872,0.100727125614403
80,3520,-1.50010194965209,0.018736654048281,0.318599686956646,-0.048217112339836
80,3530,-1.37862863499092,-0.033252147577982,0.30611760559031,-0.121616349353572
80,3540,-1.25520786517984,-0.078556425434576,0.330296717270994,-0.044699613781281
80,3550,-1.11439126117412,-0.069011838603006,0.380131507018371,0.043581764659649
80,3560,-0.951102659565145,-0.043691013706857,0.430182306267485,0.014001849928623
80,3570,-0.770245416160132,-0.057810358660108,0.467650541188673,-0.067842128744095
80,3580,-0.576982226614206,-0.097964716702133,0.499101668365712,-0.071081938283393
80,3590,-0.370964081467563,-0.114675909286822,0.532123827177479,-0.006910316471197
80,3600,-0.151283164872223,-0.10349296987909,0.561651966426494,0.02138949024605
80,3610,0.078357491673632,-0.097564317089983,0.578573700453605,0.004863874943853
80,3620,0.311575795490661,-0.099601869924008,0.579919378156781,0.023200099130743
80,3630,0.542292994199056,-0.079004237785388,0.568868864716105,0.079330653502282
80,3640,0.766670887263545,-0.036137347122182,0.554584192112895,0.080624565805084
80,3650,0.985960347889372,-0.014504585141321,0.553402391781367,0.00499482240675
81,3530,-1.88283463825553,-0.032701820438507,0.392421166900417,-0.120746926784506
81,3540,-1.72457557956383,-0.07721480220576,0.378355537569199,-0.040536708317863
81,3550,-1.58015020820017,-0.065131187092797,0.346068594451117,0.070628542954291
81,3560,-1.44772070400293,-0.020711967842327,0.334295708915496,0.066388430192667
81,3570,-1.31271364106777,-0.012020442938664,0.356069425354135,-0.032928265753621
81,3580,-1.16286516371962,-0.047054580445224,0.396408526639878,-0.068364667621431
81,3590,-0.995586819755867,-0.066712177035809,0.436017092612085,0.001328427684596
81,3600,-0.814051489629956,-0.045991838297547,0.466875757313195,0.044898494174788
81,3610,-0.622086213905311,-0.030793381695979,0.490490908673581,-0.007479030166566
81,3620,-0.421658762691092,-0.0519750624308,0.514493044698927,-0.05320059187449
81,3630,-0.21049177814617,-0.073353855195571,0.546716318172102,-0.014896522968161
81,3640,0.01571429184659,-0.063892280805329,0.579560472244708,0.023393398008147
81,3650,0.253156599649596,-0.054639136789054,0.587258621353742,-0.01127690987819
81,3660,0.485521188929583,-0.072913808707881,0.554119210434145,-0.03604949253821
81,3670,0.696451967996912,-0.083478730819621,0.503359774831336,0.022917201254212
81,3680,0.888209008794652,-0.054580047704511,0.485220618386342,0.074881649884313
82,3590,-1.86836919729692,-0.056165143700915,0.439991880778147,-0.081294683551203
82,3600,-1.69085708880421,-0.107136970234697,0.431932233000452,-0.092945380050463
82,3610,-1.52282341089655,-0.130521447741285,0.414392645487114,0.023748597996294
82,3620,-1.35934297241452,-0.088138091837662,0.41650058599789,0.128736903072473
82,3630,-1.18962294209824,-0.027531925283306,0.443073987591413,0.085015678033337
82,3640,-1.00488378234139,-0.020125549410992,0.488402758186454,-0.042999875024858
82,3650,-0.79890073554908,-0.061931825303192,0.544302634461061,-0.083739372096307
82,3660,-0.569441674772541,-0.087117047088038,0.59207878812672,-0.013081702530151
82,3670,-0.325237705047704,-0.072397187327313,0.606393855679448,0.025850817312529
82,3680,-0.084326590228982,-0.066436393238015,0.583541890463563,-0.037579122712407
82,3690,0.141595807323146,-0.102460485497239,0.549115114247997,-0.093632787053172
82,3700,0.354965501169415,-0.141342622880552,0.52955078542087,-0.039294963687935
82,3710,0.565236435659843,-0.133896456447587,0.531019218444098,0.056642459868601
82,3720,0.779780875924694,-0.096028654985672,0.548382071179537,0.067509429462057
83,3620,-1.91463233174665,-0.022285674017115,0.395213075685231,0.097839404773391
83,3630,-1.73117845698956,-0.028963840726326,0.506504319732499,-0.104464933050048
83,3640,-1.50942887596065,-0.105857620457153,0.554784493654565,-0.153626851849005
83,3650,-1.28735086206591,-0.151865322205529,0.509854139349104,-0.02230865816211
83,3660,-1.10154556448137,-0.123704546986841,0.417695246362612,0.076774944425729
83,3670,-0.953194664975822,-0.090445366664947,0.36968618550293,0.01318950431372
83,3680,-0.805796616079027,-0.113152943535865,0.41528340722278,-0.077107754732912
83,3690,-0.620967939197598,-0.152131570451276,0.51789714347186,-0.04134776735913
83,3700,-0.391478901301538,-0.146231157423169,0.600401115817644,0.052263008611924
83,3710,-0.140647046543482,-0.110321163561737,0.618384079058833,0.06742534935955
83,3720,0.103228361945528,-0.092290877935529,0.585629778611875,0.025369534865675
83,3730,0.327856776346018,-0.090025535669198,0.544590587463486,0.020599856903261
83,3740,0.538900831916317,-0.07581099241292,0.526326019177076,0.040750013081979
83,3750,0.748917591687679,-0.057425525203614,0.534180248481207,0.024005218413746
83,3760,0.966245030701283,-0.056606817681924,0.554558642454978,-0.013679638094621
84,3670,-1.83919801125439,-0.051864584600599,0.488535707548316,-0.043332245104128
84,3680,-1.64178334570062,-0.082789823829019,0.475700491986546,-0.073334400479413
84,3690,-1.45863761766515,-0.110532104984129,0.449935775623147,-0.045749215637627
84,3700,-1.2818347252021,-0.11938919633912,0.459595563993144,-0.019761162952157
84,3710,-1.09096116647064,-0.126341035345855,0.505813481310762,-0.028828410603837
84,3720,-0.877183940153493,-0.14245192482219,0.54961508332405,-0.028915028796164
84,3730,-0.651269099811399,-0.149473058382786,0.561791239250425,0.010370838836436
84,3740,-0.427750948753153,-0.134155253753041,0.552601664762668,0.046706642116016
84,3750,-0.209187768001265,-0.112107744689973,0.549696665047194,0.043379633677116
84,3760,0.012006383284603,-0.099451546811349,0.56293232981773,0.024358411284842
84,3770,0.241158095852919,-0.0926210156621,0.57799534562638,0.012589168056687
84,3780,0.474402659785707,-0.089380212365999,0.573319990824716,-0.00508401744616
84,3790,0.699814088512692,-0.096688229619028,0.54028703890473,-0.023946893687778
84,3800,0.906632290909491,-0.108537727316222,0.49831931756191,-0.015574949011287
85,3720,-1.84503470932947,-0.029653630781326,0.529139336555313,-0.06472387246574
85,3730,-1.62013232102794,-0.059253606092855,0.592192375688306,-0.063498324550895
85,3740,-1.37128080877882,-0.080452290422042,0.633890088311827,-0.055551056356496
85,3750,-1.11302025037847,-0.103694451178052,0.635565970902848,-0.059666245940147
85,3760,-0.862828032056543,-0.12818528717416,0.609188839947915,-0.035627442114643
85,3770,-0.625669178420142,-0.132196404869766,0.589539097968492,0.008977023324935
85,3780,-0.391196753681749,-0.121003668514212,0.59846783589008,0.009818332946033
85,3790,-0.146894909708078,-0.124341738512939,0.62248671164837,-0.02130426783173
85,3800,0.106792615636947,-0.138047082779596,0.62333576789552,-0.013108326003231
85,3810,0.351773704608338,-0.134828399315524,0.571174347249151,0.012833360015283
85,3820,0.563732093436268,-0.12778039476737,0.477045240045998,-0.017946169992318
85,3830,0.733409896645136,-0.149185335309379,0.394524799667663,-0.063893322079996
85,3840,0.879351933170399,-0.178895052431367,0.376138027045611,-0.025603074149249
86,3760,-1.89646187045714,-0.054209780926639,0,0
86,3770,-1.65927943528317,-0.067568015404043,0.591133476490725,-0.033358356683427
86,3780,-1.42355508926456,-0.08089646627338,0.586602648027617,-0.006100158297297
86,3790,-1.18999731686107,-0.072448142041881,0.589343624374733,0.032393005053759
86,3800,-0.95208018976477,-0.054982062230373,0.601518387010282,0.027008598359164
86,3810,-0.708782607252849,-0.05084126335455,0.610253012935429,0.002684231121916
86,3820,-0.463877779416427,-0.05283467733284,0.609979361218692,0.011625368567579
86,3830,-0.220799118277895,-0.041540968500487,0.599596143597999,0.034517127759144
86,3840,0.015799135461973,-0.025220975125525,0.571015944195877,0.019591784623721
86,3850,0.236013637078806,-0.02586754080151,0.518733768956455,-0.011777966335247
86,3860,0.430786150627136,-0.034643348193722,0.455348366928849,0.006863222440983
86,3870,0.600292330621885,-0.020376962848723,0.40494666630675,0.0638732568569
86,3880,0.754743483672536,0.016455257291798,0.387049550660081,0.070575020230928
86,3890,0.90993197114995,0.036083053336019,0.408803742152935,0.0007423491229
87,3790,-1.85514879934325,-0.074365376349988,0.635605155423833,0.142965521765212
87,3800,-1.59776714469538,-0.034200276004609,0.625495286238969,0.039107378660957
87,3810,-1.35475257035207,-0.043079473421222,0.596996109154632,-0.029368384741625
87,3820,-1.12017025737168,-0.057694983797909,0.585547299305085,0.006800526195188
87,3830,-0.886314730908003,-0.037639052465072,0.580528190684315,0.051580955142039
87,3840,-0.655747704824225,-0.016430219684278,0.5637601530734,-0.012713362638693
87,3850,-0.435306608449283,-0.047809742576027,0.535480430550412,-0.108768036176178
87,3860,-0.227363360383896,-0.103444648625221,0.506707665383986,-0.067478219150219
87,3870,-0.029940476142094,-0.101792317896202,0.481671288995833,0.087762270897375
87,3880,0.15797367081277,-0.033234831907321,0.457332466915454,0.150683669762622
87,3890,0.335925497390269,0.018754617913896,0.437924452224449,0.038813091201776
87,3900,0.508313232592329,-0.0021843589459,0.436229786506906,-0.085428217086928
87,3910,0.684909326595794,-0.049587955755646,0.455195768858845,-0.068239114369166
87,3920,0.872469847679406,-0.056775650441233,0.483183806499073,0.015178004041717
88,3840,-1.84005175811683,-0.108518947398339,0.65578257845362,-0.103103626457917
88,3850,-1.57342370265165,-0.119998315364341,0.639942311216412,0.038573970849557
88,3860,-1.3280979091437,-0.077659770718694,0.580151873456459,0.099823925941299
88,3870,-1.10930220388649,-0.040139174611302,0.521497344555331,0.029995961350929
88,3880,-0.910900033499438,-0.05366300163795,0.477498211571769,-0.074143460181403
88,3890,-0.727303634629072,-0.099453942756425,0.443202533081632,-0.077573313039612
88,3900,-0.556338007034133,-0.115721652069639,0.41707903822419,0.035918929984526
88,3910,-0.39364040404972,-0.070718798768804,0.403213325264262,0.139178157956311
88,3920,-0.233767346822723,-0.004379125704591,0.401353974167674,0.104527435900696
88,3930,-0.072557224715581,0.012903149951753,0.412727142396302,-0.042437166462922
88,3940,0.096414367094319,-0.038328858874929,0.440014153749556,-0.142171719940765
88,3950,0.279454098284064,-0.100834226000859,0.474391243870496,-0.084853659594891
88,3960,0.475927362190715,-0.106211786550842,0.494476323634219,0.055726519054106
88,3970,0.675035157191438,-0.056253010757575,0.482566231062014,0.109052694527771
88,3980,0.861980347040327,-0.018969630928625,0.449339688126658,0.015233578258941
89,3880,-1.77475266113355,-0.141585765087092,0.663022506864264,-0.11845820570226
89,3890,-1.52880439600694,-0.164747136813638,0.548213611663099,0.026615094907512
89,3900,-1.33618177180308,-0.120293689161083,0.449076626785669,0.143763545863894
89,3910,-1.16954309457841,-0.049736300122522,0.415187357855096,0.124683181144335
89,3920,-1.004031885519,-0.020547144245614,0.422902432550797,-0.004650078981063
89,3930,-0.831221148537772,-0.053456363307373,0.436352068342763,-0.096293503157618
89,3940,-0.654950230844788,-0.097581946771708,0.434714670400967,-0.0437253051319
89,3950,-0.483449412216998,-0.088436607412893,0.420463154857451,0.089477286124738
89,3960,-0.318579706958827,-0.026000117871918,0.41668548073911,0.139151035180998
89,3970,-0.15010102762571,0.022884220731906,0.44425637791736,0.03898112862641
89,3980,0.03682539537506,0.00518478502921,0.490980100478993,-0.095242738441094
89,3990,0.242683052757485,-0.053309970020969,0.514252565099886,-0.104139049004932
90,3930,-1.95040082869147,-0.080876805796376,0,0
90,3940,-1.7223241560467,-0.144887122810357,0.530121277185225,-0.06519739867644
90,3950,-1.52630380694329,-0.133034724737528,0.458044150965276,0.079981896533988
90,3960,-1.35588883527448,-0.080901605583167,0.431624096838267,0.085233295912629
90,3970,-1.18100452947268,-0.064848088007424,0.468899890686382,-0.044903199809233
90,3980,-0.980768922725371,-0.116824165430553,0.521110756353674,-0.14634891255758
90,3990,-0.764115924389737,-0.181927218053488,0.532377010397924,-0.078570705331508
91,3970,-1.91749946950339,-0.07846501760165,0.457274591120144,-0.040727161811517
91,3980,-1.72778588529053,-0.103466578054282,0.465580676631647,-0.037483942828271
91,3990,-1.54503492819808,-0.108452171864267,0.447255604018239,0.048894475849534
